No,Day,Date( SUB),serial,Battalion,Company Name,Test Type,Date ( test),Classification,#200,AVERAGE VALUE,Sampling Location,Zone,ELMENT,BUILDING,layer ,Number of Tests,Performed Test ,Area(m2),sample status,Document Status,NUM. OF PAGES,Done BY,DURATION,Company ,Executed Quantity,Required Quantity
0,Saturday,15-08-26,63558,36, Mecca ,SOIL,13-08-26,,,51,Fill,C-A,BH-11-3,M 96,LAYER-1,3,,1413,APPROVED AS NOTED,DONE,2,EIDG,2,,,
1,Monday,17-08-26,63779,36, Mecca ,DPL,16-08-26,,,56.14,Fill,C-A,BH-11-3,M 91,LAYER-1,2,,213,APPROVED AS NOTED,DONE,2,EIDG,1,,,
2,Sunday,16-08-26,63732,36, Mecca ,SOIL,15-08-26,A-4,49.00%,,Bottom of excavation,C-A,BH-11-3,M 91,,1,Sieve analysis,,APPROVED AS NOTED,DONE,2,EIDG,1,,,
3,Sunday,16-08-26,63729,36, Mecca ,SOIL,15-08-26,A-4,53.00%,,Bottom of excavation,C-A,BH-11-3,M 97,,1,Sieve analysis,,APPROVED AS NOTED,DONE,2,EIDG,1,,,
4,Wednesday,19-08-26,63966,36, Mecca ,DPL,18-08-26,,,47.67,Fill,C-A,BH-11-3,M 98,LAYER-3,2,,267,APPROVED AS NOTED,DONE,2,EIDG,1,,,
5,Sunday,16-08-26,63719,36, Mecca ,SOIL,15-08-26,A-4,51.20%,,Bottom of excavation,C-A,BH-11-3,M 98,,1,Sieve analysis,,APPROVED AS NOTED,DONE,2,EIDG,1,,,
6,Monday,17-08-26,63780,36, Mecca ,DPL,16-08-26,,,45.97,Fill,C-A,BH-11-3,M 98,LAYER-1,2,,106,APPROVED AS NOTED,DONE,2,EIDG,1,,,
7,Monday,17-08-26,63792,36, EL-Hoda ,SOIL,16-08-26,A-4,47.80%,,Bottom of excavation,C-A,BH-13-3,M 190,,1,Sieve analysis,,APPROVED AS NOTED,DONE,2,EIDG,1,,,
8,Monday,17-08-26,63796,36, EL-Hoda ,SOIL,16-08-26,A-4,49.20%,,Bottom of excavation,C-A,BH-13-3,M 193,,1,Sieve analysis,,APPROVED AS NOTED,DONE,2,EIDG,1,,,
9,Saturday,15-08-26,63546,36, EL-Hoda ,SOIL,13-08-26,A-2-4,32.60%,,Bottom of excavation,C-A,BH-13-3,M 115,,1,Sieve analysis,,APPROVED AS NOTED,DONE,2,EIDG,2,,,
10,Monday,17-08-26,63793,36, EL-Hoda ,DPL,16-08-26,,,47.58,Fill,C-A,BH-13-3,M 115,LAYER-1,2,,505,APPROVED AS NOTED,DONE,2,EIDG,1,,,
11,Wednesday,19-08-26,63964,36, EL-Hoda ,SOIL,18-08-26,A-2-4,33.60%,,Bottom of excavation,C-A,BH-13-3,M 191,,1,Sieve analysis,,APPROVED AS NOTED,DONE,2,EIDG,1,,,
12,Wednesday,19-08-26,63963,36, EL-Hoda ,DPL,18-08-26,,,45.5,Fill,C-A,BH-13-3,M 195,LAYER-2,2,,947,APPROVED AS NOTED,DONE,2,EIDG,1,,,
13,Monday,17-08-26,63786,36, EL-Hoda ,SOIL,16-08-26,A-4,48.00%,,Bottom of excavation,C-A,BH-13-3,M 195,,1,Sieve analysis,,APPROVED AS NOTED,DONE,2,EIDG,1,,,
14,Wednesday,19-08-26,63955,36, Inshaa ,DPL,18-08-26,,,55.57,Fill,C-A,BH-9-3,M 83,LAYER-1,2,,477,APPROVED AS NOTED,DONE,2,EIDG,1,,,
15,Saturday,15-08-26,63551,36, Inshaa ,SOIL,13-08-26,A-4,56.40%,,Bottom of excavation,C-A,BH-9-3,M 83,,1,Sieve analysis,,APPROVED AS NOTED,DONE,2,EIDG,2,,,
16,Saturday,15-08-26,63541,36, Inshaa ,SOIL,13-08-26,A-4,50.40%,,Bottom of excavation,C-A,BH-9-3,M 84,,1,Sieve analysis,,APPROVED AS NOTED,DONE,2,EIDG,2,,,
17,Saturday,15-08-26,63554,36, Inshaa ,SOIL,13-08-26,A-4,53.40%,,Bottom of excavation,C-A,BH-9-3,M 79,,1,Sieve analysis,,APPROVED AS NOTED,DONE,2,EIDG,2,,,
18,Sunday,16-08-26,63728,36, Inshaa ,DPL,15-08-26,,,57.44,Fill,C-A,BH-9-3,M 79,LAYER-1,2,,173,APPROVED AS NOTED,DONE,2,EIDG,1,,,
19,Monday,17-08-26,63805,36, Inshaa ,SOIL,16-08-26,A-4,47.00%,,Bottom of excavation,C-A,BH-10-2,M 87,,1,Sieve analysis,,APPROVED AS NOTED,DONE,2,EIDG,1,,,
20,Monday,17-08-26,63804,36, Inshaa ,SOIL,16-08-26,A-4,49.00%,,Bottom of excavation,C-A,BH-10-2,M 87,,1,Sieve analysis,,APPROVED AS NOTED,DONE,2,EIDG,1,,,
21,Monday,17-08-26,63802,36, Inshaa ,SOIL,16-08-26,A-4,44.80%,,Bottom of excavation,C-A,BH-9-3,M 78,,1,Sieve analysis,,APPROVED AS NOTED,DONE,2,EIDG,1,,,
22,Monday,17-08-26,63806,36, Inshaa ,SOIL,16-08-26,A-4,45.60%,,Bottom of excavation,C-A,BH-9-3,M 78,,1,Sieve analysis,,APPROVED AS NOTED,DONE,2,EIDG,1,,,
23,Wednesday,19-08-26,63954,36, Inshaa ,DPL,18-08-26,,,47.64,Fill,C-A,BH-9-3,M 84-79,LAYER-2,3,,1021,APPROVED AS NOTED,DONE,2,EIDG,1,,,
24,Saturday,15-08-26,63553,36, Inshaa ,SOIL,13-08-26,A-4,72.00%,,Bottom of excavation,C-A,BH-10-2,M 84,,1,Sieve analysis,,APPROVED AS NOTED,DONE,2,EIDG,2,,,
25,Saturday,15-08-26,63555,36, Inshaa ,SOIL,13-08-26,A-4,72.00%,,Bottom of excavation,C-A,BH-10-2,M 84,,1,Sieve analysis,,APPROVED AS NOTED,DONE,2,EIDG,2,,,
26,Sunday,16-08-26,63726,36, Inshaa ,DPL,15-08-26,,,48.99,Fill,C-A,BH-9-3,M 84,LAYER-1,2,,786,APPROVED AS NOTED,DONE,2,EIDG,1,,,
27,Monday,17-08-26,63809,36, Inshaa ,DPL,16-08-26,,,50.769,Fill,C-A,BH-10-2,M 84,LAYER-1,2,,435,APPROVED AS NOTED,DONE,2,EIDG,1,,,
28,Saturday,15-08-26,63552,36, Inshaa ,SOIL,13-08-26,A-4,51.60%,,Bottom of excavation,C-A,BH-10-2,M 88,,1,Sieve analysis,,APPROVED AS NOTED,DONE,2,EIDG,2,,,
29,Monday,17-08-26,63778,36, Inshaa ,DPL,16-08-26,,,43.22,Fill,C-A,BH-10-2,M 89,LAYER-1,2,,218,APPROVED AS NOTED,DONE,2,EIDG,1,,,
30,Wednesday,19-08-26,63969,36, Karim Salam ,SOIL,18-08-26,A-4,36.40%,,Bottom of excavation,C-A,BH-14-2,M 186,,1,Sieve analysis,,APPROVED AS NOTED,DONE,2,EIDG,1,,,
31,Wednesday,19-08-26,63957,36, Karim Salam ,SOIL,18-08-26,A-4,56.00%,,Bottom of excavation,C-A,BH-14-2,M 183,,1,Sieve analysis,,APPROVED AS NOTED,DONE,2,EIDG,1,,,
32,Tuesday,18-08-26,63866,36, Karim Salam ,SOIL,17-08-26,A-4,37.00%,,Bottom of excavation,C-A,BH-14-2,M 185,,1,Sieve analysis,,APPROVED AS NOTED,DONE,2,EIDG,1,,,
33,Wednesday,19-08-26,63962,36, Mokhtar EL-Shenawy ,DPL,18-08-26,,,47.37,Fill,C-A,BH-8-3,M 76,LAYER-1,4,,1684,APPROVED AS NOTED,DONE,2,EIDG,1,,,
34,Wednesday,19-08-26,63959,36, Mokhtar EL-Shenawy ,DPL,18-08-26,,,52.86,Fill,C-A,BH-9-1,M 76,LAYER-1,2,,808,APPROVED AS NOTED,DONE,2,EIDG,1,,,
35,Wednesday,19-08-26,63936,36, Mokhtar EL-Shenawy ,SOIL,18-08-26,A-4,37.00%,,Bottom of excavation,C-A,BH-9-1,M 84-98,,1,Sieve analysis,,APPROVED AS NOTED,DONE,2,EIDG,1,,,
36,Tuesday,18-08-26,63872,36, Mokhtar EL-Shenawy ,DPL,17-08-26,,,46.8,Fill,C-A,BH-8-3,M 72,LAYER-1,4,,2247,APPROVED AS NOTED,DONE,2,EIDG,1,,,
37,Sunday,16-08-26,63713,36, Mokhtar EL-Shenawy ,SOIL,15-08-26,A-4,47.80%,,Bottom of excavation,C-A,BH-8-3,M 72,,1,Sieve analysis,,APPROVED AS NOTED,DONE,2,EIDG,1,,,
38,Wednesday,19-08-26,63937,36, Mokhtar EL-Shenawy ,SOIL,18-08-26,A-4,38.20%,,Bottom of excavation,C-A,BH-8-3,M 67,,1,Sieve analysis,,APPROVED AS NOTED,DONE,2,EIDG,1,,,
39,Wednesday,19-08-26,63961,36, Mokhtar EL-Shenawy ,SOIL,18-08-26,A-4,40.40%,,Bottom of excavation,C-A,BH-9-1,M 80,,1,Sieve analysis,,APPROVED AS NOTED,DONE,2,EIDG,1,,,
40,Wednesday,19-08-26,63968,36, Mokhtar EL-Shenawy ,SOIL,18-08-26,A-4,57.00%,,Bottom of excavation,C-A,BH-9-1,M 85,,1,Sieve analysis,,APPROVED AS NOTED,DONE,2,EIDG,1,,,
41,Tuesday,18-08-26,63876,36, Mokhtar EL-Shenawy ,SOIL,17-08-26,A-4,55.60%,,Bottom of excavation,C-A,BH-9-1,M 75,,1,Sieve analysis,,APPROVED AS NOTED,DONE,2,EIDG,1,,,
42,Wednesday,19-08-26,63943,36, MTR for Import ,DPL,18-08-26,,,51.4,Fill,C-A,BH-10-2,M 81,LAYER-1,2,,299,APPROVED AS NOTED,DONE,2,EIDG,1,,,
43,Tuesday,18-08-26,63873,36, MTR for Import ,DPL,17-08-26,,,51.52,Fill,C-A,BH-9-3,M 77,LAYER-0,2,,177,APPROVED AS NOTED,DONE,2,EIDG,1,,,
44,Wednesday,19-08-26,63960,36, MTR for Import ,DPL,18-08-26,,,55.07,Fill,C-A,BH-9-3,M 77,LAYER-2,2,,161,APPROVED AS NOTED,DONE,2,EIDG,1,,,
45,Wednesday,19-08-26,63953,36, MTR for Import ,DPL,18-08-26,,,48.34,Fill,C-A,BH-10-2,M 77,LAYER-2,2,,74,APPROVED AS NOTED,DONE,2,EIDG,1,,,
46,Tuesday,18-08-26,63874,36, MTR for Import ,DPL,17-08-26,,,47.47,Fill,C-A,BH-9-3,M 77,LAYER-1,2,,177,APPROVED AS NOTED,DONE,2,EIDG,1,,,
47,Saturday,15-08-26,63547,36, EL Nessr El Araby ,SOIL,13-08-26,A-4,56.00%,,Bottom of excavation,C-A,BH-13-4,M 194,,1,Sieve analysis,,APPROVED AS NOTED,DONE,2,EIDG,2,,,
48,Saturday,15-08-26,63548,36, EL Nessr El Araby ,SOIL,13-08-26,A-4,53.00%,,Bottom of excavation,C-A,BH-13-4,M 191,,1,Sieve analysis,,APPROVED AS NOTED,DONE,2,EIDG,2,,,
49,Tuesday,18-08-26,63912,36, EL Nessr El Araby ,DPL,17-08-26,,,50.43,Fill,C-A,BH-13-4,M 195,LAYER-4,2,,304,APPROVED AS NOTED,DONE,2,EIDG,1,,,
50,Wednesday,19-08-26,63965,36, EL Nessr El Araby ,DPL,18-08-26,,,52.84,Fill,C-A,BH-13-4,M 195,LAYER-5,2,,331,APPROVED AS NOTED,DONE,2,EIDG,1,,,
51,Monday,17-08-26,63785,36, EL Nessr El Araby ,DPL,16-08-26,,,49.05,Fill,C-A,BH-13-4,M 195,LAYER-2,2,,290,APPROVED AS NOTED,DONE,2,EIDG,1,,,
52,Sunday,16-08-26,63716,36, EL Nessr El Araby ,DPL,15-08-26,,,44.88,Fill,C-A,BH-13-4,M 195,LAYER-1,2,,285,APPROVED AS NOTED,DONE,2,EIDG,1,,,
53,Saturday,15-08-26,63598,36, EL Nessr El Araby ,SOIL,12-08-26,A-4,47.80%,,Bottom of excavation,C-A,BH-13-4,M 195,,1,Sieve analysis,,APPROVED AS NOTED,DONE,2,EIDG,3,,,
54,Sunday,09-08-26,63402,36, Orascom ,DPL,06-08-26,,,55.93,Fill,C-A,BH-1,M 49,LAYER-2,3,,1100,APPROVED AS NOTED,DONE,2,EIDG,3,,,
55,Tuesday,18-08-26,63869,36, Orascom ,DPL,17-08-26,,,48.4,Fill,C-A,BH-1,M 49,LAYER-8,3,,1152,APPROVED AS NOTED,DONE,2,EIDG,1,,,
56,Sunday,16-08-26,63721,36, Orascom ,DPL,15-08-26,,,51.7,Fill,C-A,BH-1,M 49,LAYER-7,3,,1207,APPROVED AS NOTED,DONE,2,EIDG,1,,,
57,Saturday,15-08-26,63578,36, Orascom ,DPL,12-08-26,,,51.7,Fill,C-A,BH-1,M 49,LAYER-6,3,,1262,APPROVED AS NOTED,DONE,2,EIDG,3,,,
58,Monday,10-08-26,63454,36, Orascom ,DPL,09-08-26,,,49.61,Fill,C-A,BH-1,M 49,LAYER-4,3,,1202,APPROVED AS NOTED,DONE,2,EIDG,1,,,
59,Tuesday,11-08-26,63488,36, Orascom ,DPL,10-08-26,,,47.4,Fill,C-A,BH-1,M 49,LAYER-5,3,,1185,APPROVED AS NOTED,DONE,2,EIDG,1,,,
60,Sunday,09-08-26,63440,36, Orascom ,DPL,08-08-26,,,55.54,Fill,C-A,BH-1,M 49,LAYER-3,3,,1207,APPROVED AS NOTED,DONE,2,EIDG,1,,,
61,Monday,17-08-26,63813,36, Orascom ,PLATE LOAD,16-08-26,,,,Fill,C-A,BH-1,M 37,27.5,1,,,APPROVED AS NOTED,DONE,5,CEL,1,,,
62,Sunday,16-08-26,63740,36, Orascom ,PLATE LOAD,16-08-26,,,,Fill,C-A,BH-1,M 37,27.5,1,,,REVISE,DONE,5,CEL,0,,,
63,Sunday,16-08-26,63725,36, Orascom ,DPL,15-08-26,,,49.52,Fill,C-A,BH-1,M 37,LAYER-5,3,,1146,APPROVED AS NOTED,DONE,2,EIDG,1,,,
64,Wednesday,19-08-26,63964,36, EL-Hoda ,DPL,18-08-26,,,50.25,Fill,C-A,BH-13-3,M 191,LAYER-0,2,,358,APPROVED AS NOTED,DONE,2,EIDG,1,,,
65,Saturday,15-08-26,63531,36, Orascom ,DPL,14-08-26,,,50.497,Fill,C-A,BH-1,M 37,LAYER-4,3,,1170,APPROVED AS NOTED,DONE,2,EIDG,1,,,
66,Monday,10-08-26,63456,36, Orascom ,DPL,09-08-26,,,48.87,Fill,C-A,BH-1,M 37,LAYER-1,3,,1170,APPROVED AS NOTED,DONE,2,EIDG,1,,,
67,Saturday,15-08-26,63583,36, Orascom ,DPL,12-08-26,,,52.83,Fill,C-A,BH-1,M 37,LAYER-3,3,,1289,APPROVED AS NOTED,DONE,2,EIDG,3,,,
68,Tuesday,11-08-26,63487,36, Orascom ,DPL,10-08-26,,,48.43,Fill,C-A,BH-1,M 37,LAYER-2,3,,1289,APPROVED AS NOTED,DONE,2,EIDG,1,,,
69,Sunday,09-08-26,63417,36, Orascom ,DPL,07-08-26,,,53.42,Fill,C-A,BH-1,M 37,LAYER-1,3,,1289,APPROVED AS NOTED,DONE,2,EIDG,2,,,
70,Saturday,15-08-26,63575,36, Orascom ,DPL,12-08-26,,,49.89,Fill,C-A,BH-1,M 52,LAYER-5,3,,1232,APPROVED AS NOTED,DONE,2,EIDG,3,,,
71,Saturday,15-08-26,63591,36, Orascom ,PLATE LOAD,13-08-26,,,,Fill,C-A,BH-1,M 52,26.8,1,,,REVISE,DONE,3,BONYAN MISR,2,,,
72,Saturday,15-08-26,63533,36, Orascom ,DPL,14-08-26,,,48.63,Fill,C-A,BH-1,M 52,LAYER-6,3,,1204,APPROVED AS NOTED,DONE,2,EIDG,1,,,
73,Monday,10-08-26,63453,36, Orascom ,DPL,09-08-26,,,59,Fill,C-A,BH-1,M 52,LAYER-3,3,,1204,APPROVED AS NOTED,DONE,2,EIDG,1,,,
74,Tuesday,11-08-26,63497,36, Orascom ,DPL,10-08-26,,,48.26,Fill,C-A,BH-1,M 52,LAYER-4,3,,1204,APPROVED AS NOTED,DONE,2,EIDG,1,,,
75,Sunday,09-08-26,63382,36, Orascom ,DPL,07-08-26,,,46.84,Fill,C-A,BH-1,M 52,LAYER-2,3,,1204,APPROVED AS NOTED,DONE,2,EIDG,2,,,
76,Wednesday,19-08-26,63939,36, Orascom ,DPL,18-08-26,,,52.04,Fill,C-A,BH-1,M 45,LAYER-7,3,,1148,APPROVED AS NOTED,DONE,2,EIDG,1,,,
77,Monday,17-08-26,63781,36, Orascom ,DPL,16-08-26,,,48.68,Fill,C-A,BH-1,M 45,LAYER-6,3,,1220,APPROVED AS NOTED,DONE,2,EIDG,1,,,
78,Saturday,15-08-26,63590,36, Orascom ,PLATE LOAD,04-01-00,,,,Fill,C-A,BH-1,M 45,26.9,1,,,REVISE,DONE,3,BONYAN MISR,46245,,,
79,Saturday,15-08-26,63580,36, Orascom ,DPL,12-08-26,,,50,Fill,C-A,BH-1,M 45,LAYER-5,3,,1245,APPROVED AS NOTED,DONE,2,EIDG,3,,,
80,Tuesday,11-08-26,63502,36, Orascom ,DPL,10-08-26,,,53.72,Fill,C-A,BH-1,M 45,LAYER-3,3,,1245,APPROVED AS NOTED,DONE,2,EIDG,1,,,
81,Wednesday,12-08-26,63513,36, Orascom ,DPL,11-08-26,,,45.93,Fill,C-A,BH-1,M 45,LAYER-4,3,,1270,APPROVED AS NOTED,DONE,2,EIDG,1,,,
82,Sunday,09-08-26,63441,36, Orascom ,DPL,08-08-26,,,52.6,Fill,C-A,BH-1,M 45,LAYER-2,3,,1270,APPROVED AS NOTED,DONE,2,EIDG,1,,,
83,Sunday,09-08-26,63400,36, Orascom ,DPL,06-08-26,,,45.42,Fill,C-A,BH-1,M 45,LAYER-1,3,,1270,APPROVED AS NOTED,DONE,2,EIDG,3,,,
84,Sunday,09-08-26,63419,36, Orascom ,DPL,05-08-26,,,52.8,Fill,C-A,BH-1,M 45,LAYER-0,3,,1128,APPROVED AS NOTED,DONE,2,EIDG,4,,,
85,Monday,17-08-26,63801,36, Orascom ,DPL,16-08-26,,,47,Fill,C-A,BH-1,M 41,LAYER-6,3,,1234,APPROVED AS NOTED,DONE,2,EIDG,1,,,
86,Saturday,15-08-26,63549,36, Orascom ,DPL,13-08-26,,,50.07,Fill,C-A,BH-1,M 41,LAYER-5,3,,1259,APPROVED AS NOTED,DONE,2,EIDG,2,,,
87,Wednesday,12-08-26,63514,36, Orascom ,DPL,11-08-26,,,50.88,Fill,C-A,BH-1,M 41,LAYER-4,3,,1285,APPROVED AS NOTED,DONE,2,EIDG,1,,,
88,Monday,10-08-26,63458,36, Orascom ,DPL,09-08-26,,,46.45,Fill,C-A,BH-1,M 41,LAYER-3,3,,1285,APPROVED AS NOTED,DONE,2,EIDG,1,,,
89,Sunday,09-08-26,63398,36, Orascom ,DPL,05-08-26,,,50.66,Fill,C-A,BH-1,M 41,LAYER-1,3,,1285,APPROVED AS NOTED,DONE,2,EIDG,4,,,
90,Sunday,09-08-26,63442,36, Orascom ,DPL,08-08-26,,,49.288,Fill,C-A,BH-1,M 41,LAYER-2,3,,1285,APPROVED AS NOTED,DONE,2,EIDG,1,,,
91,Sunday,09-08-26,63401,36, Orascom ,DPL,06-08-26,,,53.63,Fill,C-A,BH-1,M 41,LAYER-1,3,,1285,APPROVED AS NOTED,DONE,2,EIDG,3,,,
92,Sunday,09-08-26,63399,36, Orascom ,DPL,05-08-26,,,47.5,Fill,C-A,BH-1,M 37,LAYER-1,3,,1195,APPROVED AS NOTED,DONE,2,EIDG,4,,,
93,Sunday,09-08-26,63418,36, Orascom ,DPL,05-08-26,,,48.32,Fill,C-A,BH-1,M 37,LAYER-0,3,,1195,APPROVED AS NOTED,DONE,2,EIDG,4,,,
94,Monday,17-08-26,63814,36, Orascom ,PLATE LOAD,17-08-26,,,,Fill,C-A,BH-1,M 58,28,11,,,APPROVED AS NOTED,DONE,3,BONYAN MISR,0,,,
95,Sunday,16-08-26,63714,36, Orascom ,DPL,15-08-26,,,51.76,Fill,C-A,BH-1,M 58,LAYER-4,3,,1224,APPROVED AS NOTED,DONE,2,EIDG,1,,,
96,Sunday,16-08-26,63720,36, Orascom ,DPL,15-08-26,,,53,Fill,C-A,BH-1,M 58,LAYER-5,3,,1199,APPROVED AS NOTED,DONE,2,EIDG,1,,,
97,Saturday,15-08-26,63577,36, Orascom ,DPL,12-08-26,,,46.88,Fill,C-A,BH-1,M 58,LAYER-3,3,,1247,APPROVED AS NOTED,DONE,2,EIDG,3,,,
98,Tuesday,11-08-26,63500,36, Orascom ,SOIL,10-08-26,A-4,49.00%,,Bottom of excavation,C-A,BH-1,M 58,,1,Sieve analysis,,APPROVED AS NOTED,DONE,2,EIDG,1,,,
99,Wednesday,12-08-26,63515,36, Orascom ,DPL,11-08-26,,,51.69,Fill,C-A,BH-1,M 58,LAYER-2,3,,1287,APPROVED AS NOTED,DONE,2,EIDG,1,,,
100,Tuesday,11-08-26,63491,36, Orascom ,SOIL,10-08-26,A-4,42.00%,,Bottom of excavation,C-A,BH-1,M 58,,1,Sieve analysis,,APPROVED AS NOTED,DONE,2,EIDG,1,,,
101,Tuesday,11-08-26,63486,36, Orascom ,DPL,10-08-26,,,48.29,Fill,C-A,BH-1,M 58,LAYER-1,3,,1287,APPROVED AS NOTED,DONE,2,EIDG,1,,,
102,Monday,17-08-26,63783,36, Orascom ,DPL,16-08-26,,,50.38,Fill,C-A,BH-1,M 61,LAYER-2,3,,1103,APPROVED AS NOTED,DONE,2,EIDG,1,,,
103,Sunday,16-08-26,63718,36, Orascom ,DPL,15-08-26,,,53.25,Fill,C-A,BH-1,M 61,LAYER-1,3,,1125,APPROVED AS NOTED,DONE,2,EIDG,1,,,
104,Sunday,16-08-26,63722,36, Orascom ,DPL,15-08-26,,,48.76,Fill,C-A,BH-1,M 61,LAYER-1,3,,1125,APPROVED AS NOTED,DONE,2,EIDG,1,,,
105,Monday,10-08-26,63460,36, Orascom ,DPL,09-08-26,,,50.79,Fill,C-A,BH-1,M 61,LAYER-0,3,,1125,APPROVED AS NOTED,DONE,2,EIDG,1,,,
106,Wednesday,19-08-26,63932,36, Orascom ,DPL,18-08-26,,,50.48,Fill,C-A,BH-1,M 64,LAYER-1,2,,493,APPROVED AS NOTED,DONE,2,EIDG,1,,,
107,Monday,17-08-26,63794,36, Orascom ,SOIL,16-08-26,A-4,48.80%,,Bottom of excavation,C-A,BH-1,M 64,,1,Sieve analysis,,APPROVED AS NOTED,DONE,2,EIDG,1,,,
108,Monday,17-08-26,63795,36, Orascom ,SOIL,16-08-26,A-4,48.00%,,Bottom of excavation,C-A,BH-1,M 64,,1,Sieve analysis,,APPROVED AS NOTED,DONE,2,EIDG,1,,,
109,Wednesday,12-08-26,63512,36, Orascom ,DPL,11-08-26,,,49.25,Fill,C-A,BH-1,M 55,LAYER-3,3,,1272,APPROVED AS NOTED,DONE,2,EIDG,1,,,
110,Sunday,16-08-26,63738,36, Orascom ,PLATE LOAD,15-08-26,,,,Fill,C-A,BH-1,M 55,27.5,1,,,APPROVED AS NOTED,DONE,5,CEL,1,,,
111,Sunday,16-08-26,63730,36, Orascom ,DPL,15-08-26,,,45.56,Fill,C-A,BH-1,M 55,LAYER-5,3,,1272,APPROVED AS NOTED,DONE,2,EIDG,1,,,
112,Saturday,15-08-26,63576,36, Orascom ,DPL,12-08-26,,,54.7,Fill,C-A,BH-1,M 55,LAYER-4,3,,1247,APPROVED AS NOTED,DONE,2,EIDG,3,,,
113,Monday,10-08-26,63459,36, Orascom ,DPL,09-08-26,,,49.49,Fill,C-A,BH-1,M 55,LAYER-2,3,,1247,APPROVED AS NOTED,DONE,2,EIDG,1,,,
114,Sunday,09-08-26,63439,36, Orascom ,DPL,08-08-26,,,48.02,Fill,C-A,BH-1,M 55,LAYER-1,3,,1247,APPROVED AS NOTED,DONE,2,EIDG,1,,,
115,Sunday,09-08-26,63381,36, Orascom ,DPL,07-08-26,,,52.4,Fill,C-A,BH-1,M 55,LAYER-0,3,,1247,APPROVED AS NOTED,DONE,2,EIDG,2,,,
116,Tuesday,18-08-26,63739,36, Orascom ,PLATE LOAD,16-08-26,,,,Fill,C-A,BH-1,M 33,27.5,1,,269,APPROVED AS NOTED,DONE,5,CEL,2,,,
117,Sunday,16-08-26,63723,36, Orascom ,DPL,15-08-26,,,49.68,Fill,C-A,BH-1,M 33,LAYER-5,2,,268,APPROVED AS NOTED,DONE,2,EIDG,1,,,
118,Saturday,15-08-26,63582,36, Orascom ,DPL,12-08-26,,,50.86,Fill,C-A,BH-1,M 33,LAYER-3,2,,318,APPROVED AS NOTED,DONE,2,EIDG,3,,,
119,Saturday,15-08-26,63532,36, Orascom ,DPL,14-08-26,,,55.16,Fill,C-A,BH-1,M 33,LAYER-4,2,,286,APPROVED AS NOTED,DONE,2,EIDG,1,,,
120,Wednesday,12-08-26,63510,36, Orascom ,DPL,11-08-26,,,50.132,Fill,C-A,BH-1,M 33,LAYER-2,2,,337,APPROVED AS NOTED,DONE,2,EIDG,1,,,
121,Monday,10-08-26,63455,36, Orascom ,DPL,09-08-26,,,54.31,Fill,C-A,BH-1,M 33,LAYER-1,2,,337,APPROVED AS NOTED,DONE,2,EIDG,1,,,
122,Sunday,09-08-26,63416,36, Orascom ,DPL,07-08-26,,,51.71,Fill,C-A,BH-1,M 33,LAYER-0,2,,337,APPROVED AS NOTED,DONE,2,EIDG,2,,,
123,Monday,17-08-26,63789,36, Abnaa Khalifa ,SOIL,16-08-26,A-4,39.80%,,Bottom of excavation,C-A,BH-13-5,M 132,,1,Sieve analysis,,APPROVED AS NOTED,DONE,2,EIDG,1,,,
124,Wednesday,19-08-26,63967,36, Abnaa Khalifa ,DPL,18-08-26,,,49.51,Fill,C-A,BH-13-5,M 138,LAYER-1,5,,2049,APPROVED AS NOTED,DONE,2,EIDG,1,,,
125,Saturday,15-08-26,63544,36, Abnaa Khalifa ,SOIL,13-08-26,A-4,62.00%,,Bottom of excavation,C-A,BH-13-5,M 138,,1,Sieve analysis,2049,APPROVED AS NOTED,DONE,2,EIDG,2,,,
126,Monday,17-08-26,63784,36, Abnaa Khalifa ,SOIL,16-08-26,A-4,37.60%,,Bottom of excavation,C-A,BH-13-5,M 138,,1,Sieve analysis,,APPROVED AS NOTED,DONE,2,EIDG,1,,,
127,Saturday,15-08-26,63545,36, Abnaa Khalifa ,SOIL,13-08-26,A-4,49.00%,,Bottom of excavation,C-A,BH-13-5,M 135,,1,Sieve analysis,,APPROVED AS NOTED,DONE,2,EIDG,2,,,
128,Wednesday,19-08-26,63935,36, Abnaa Khalifa ,DPL,18-08-26,,,52.14,Fill,C-A,BH-13-5,M 133,LAYER-1,5,,,APPROVED AS NOTED,DONE,2,EIDG,1,,,
129,Monday,17-08-26,63787,36, Abnaa Khalifa ,SOIL,16-08-26,A-4,39.20%,,Bottom of excavation,C-A,BH-13-5,M 133,,1,Sieve analysis,,APPROVED AS NOTED,DONE,2,EIDG,1,,,
130,Wednesday,19-08-26,63942,36, Al Thanaa ,SOIL,18-08-26,A-2-4,35.00%,,Bottom of excavation,C-A,BH-11-2,M 109,,1,Sieve analysis,,APPROVED AS NOTED,DONE,2,EIDG,1,,,
131,Wednesday,19-08-26,63934,36, Al Thanaa ,SOIL,18-08-26,A-4,58.80%,,Bottom of excavation,C-A,BH-11-2,M 105,,1,Sieve analysis,,APPROVED AS NOTED,DONE,2,EIDG,1,,,
132,Saturday,15-08-26,63569,36, Fayek Office ,SOIL,12-08-26,A-4,46.80%,,Bottom of excavation,C-A,BH-10-1,M 85,,1,Sieve analysis,,APPROVED AS NOTED,DONE,2,EIDG,3,,,
133,Saturday,15-08-26,63584,36, Fayek Office ,SOIL,12-08-26,A-4,47.80%,,Bottom of excavation,C-A,BH-10-1,M 90,,1,Sieve analysis,,APPROVED AS NOTED,DONE,2,EIDG,3,,,
134,Saturday,15-08-26,63573,36, Fayek Office ,DPL,12-08-26,,,53.83,Fill,C-A,BH-10-1,M 89,LAYER-1,5,,2377,APPROVED AS NOTED,DONE,2,EIDG,3,,,
135,Saturday,15-08-26,63556,36, Fayek Office ,DPL,13-08-26,,,48.95,Fill,C-A,BH-10-1,M 89,LAYER-2,5,,2774,APPROVED AS NOTED,DONE,2,EIDG,2,,,
136,Monday,10-08-26,63476,36, Fayek Office ,DPL,09-08-26,,,51.24,Fill,C-A,BH-10-1,M 94,LAYER-0,2,,,APPROVED AS NOTED,DONE,2,EIDG,1,,,
137,Sunday,16-08-26,63717,36, Fayek Office ,SOIL,15-08-26,A-4,52.00%,,Bottom of excavation,C-A,BH-10-1,M 95,,1,Sieve analysis,,APPROVED AS NOTED,DONE,2,EIDG,1,,,
138,Saturday,15-08-26,63557,36, Fayek Office ,DPL,13-08-26,,,53.77,Fill,C-A,BH-9-2,M 84,LAYER-1,2,,778,APPROVED AS NOTED,DONE,2,EIDG,2,,,
139,Monday,10-08-26,63475,36, Fayek Office ,DPL,09-08-26,,,45.933,Fill,C-A,BH-9-2,M 84,LAYER-0,2,,,APPROVED AS NOTED,DONE,2,EIDG,1,,,
140,Monday,17-08-26,63790,36, Beraiem ,SOIL,16-08-26,A-4,47.20%,,Bottom of excavation,C-A,BH-13-2,M 115,,1,Sieve analysis,,APPROVED AS NOTED,DONE,2,EIDG,1,,,
141,Monday,17-08-26,63816,36, Beraiem ,SOIL,16-08-26,A-4,57.20%,,Bottom of excavation,C-A,BH-13-2,M 115,,1,Sieve analysis,,APPROVED AS NOTED,DONE,2,EIDG,1,,,
142,Saturday,15-08-26,63550,36, Al Amal ,SOIL,13-08-26,A-4,64.00%,,Bottom of excavation,C-A,BH-11-1,M 100,,1,Sieve analysis,,APPROVED AS NOTED,DONE,2,EIDG,2,,,
143,Monday,17-08-26,63799,36, Al Amal ,SOIL,16-08-26,A-4,65.20%,,Bottom of excavation,C-A,BH-11-1,M 99,,1,Sieve analysis,,APPROVED AS NOTED,DONE,2,EIDG,1,,,
144,Monday,17-08-26,63798,36, Al Amal ,SOIL,16-08-26,A-4,60.60%,,Bottom of excavation,C-A,BH-11-1,M 93,,1,Sieve analysis,,APPROVED AS NOTED,DONE,2,EIDG,1,,,
145,Monday,17-08-26,63817,36, Al Amal ,SOIL,16-08-26,A-4,56.20%,,Bottom of excavation,C-A,BH-11-1,M 93,,1,Sieve analysis,,APPROVED AS NOTED,DONE,2,EIDG,1,,,
146,Tuesday,11-08-26,63494,36, Al Anoud Al Arabia ,SOIL,10-08-26,A-4,46.80%,,Bottom of excavation,C-A,BH-15-5,M 151,,1,Sieve analysis,,APPROVED AS NOTED,DONE,2,EIDG,1,,,
147,Tuesday,11-08-26,63495,36, Al Anoud Al Arabia ,SOIL,10-08-26,A-4,45.40%,,Bottom of excavation,C-A,BH-15-5,M 152,,1,Sieve analysis,,APPROVED AS NOTED,DONE,2,EIDG,1,,,
148,Tuesday,11-08-26,63489,36, Al Anoud Al Arabia ,SOIL,10-08-26,A-4,47.80%,,Bottom of excavation,C-A,BH-15-5,M 150,,1,Sieve analysis,,APPROVED AS NOTED,DONE,2,EIDG,1,,,
149,Monday,17-08-26,63788,36, Al Anoud Al Arabia ,SOIL,16-08-26,A-4,46.40%,,Bottom of excavation,C-A,BH-15-5,M 160,,1,Sieve analysis,,APPROVED AS NOTED,DONE,2,EIDG,1,,,
150,Monday,17-08-26,63791,36, Al Anoud Al Arabia ,SOIL,16-08-26,A-4,42.00%,,Bottom of excavation,C-A,BH-15-5,M 161,,1,Sieve analysis,,APPROVED AS NOTED,DONE,2,EIDG,1,,,
151,Sunday,16-08-26,63715,36, Abnaa Mohamed Badawy ,DPL,15-08-26,,,47.55,Fill,C-A,BH-8-2,M 64,LAYER-2,2,,884,APPROVED AS NOTED,DONE,2,EIDG,1,,,
152,Monday,17-08-26,63800,36, Abnaa Mohamed Badawy ,DPL,16-08-26,,,50.51,Fill,C-A,BH-8-2,M 64,LAYER-3,2,,944,APPROVED AS NOTED,DONE,2,EIDG,1,,,
153,Saturday,15-08-26,63542,36, Abnaa Mohamed Badawy ,DPL,13-08-26,,,57.06,Fill,C-A,BH-8-2,M 64,LAYER-1,2,,825,APPROVED AS NOTED,DONE,2,EIDG,2,,,
154,Tuesday,11-08-26,63490,36, Abnaa Mohamed Badawy ,SOIL,10-08-26,A-4,44.80%,,Bottom of excavation,C-A,BH-8-2,M 64,,1,Sieve analysis,,APPROVED AS NOTED,DONE,2,EIDG,1,,,
155,Sunday,16-08-26,63727,36, Saad Sheita ,DPL,15-08-26,,,48.833,Fill,C-A,BH-8-3,M 70,LAYER-1,2,,36,APPROVED AS NOTED,DONE,2,EIDG,1,,,
156,Saturday,15-08-26,63543,36, Saad Sheita ,SOIL,13-08-26,A-4,52.00%,,Bottom of excavation,C-A,BH-8-3,M 70,,1,Sieve analysis,,APPROVED AS NOTED,DONE,2,EIDG,2,,,
157,Tuesday,18-08-26,63867,36, Saad Sheita ,DPL,17-08-26,,,55.32,Fill,C-A,BH-8-3,M 73,LAYER-1,2,,213,APPROVED AS NOTED,DONE,2,EIDG,1,,,
158,Saturday,15-08-26,63600,36, Saad Sheita ,DPL,12-08-26,,,52.74,Fill,C-A,BH-9-1,M 73,LAYER-1,2,,214,APPROVED AS NOTED,DONE,2,EIDG,3,,,
159,Saturday,15-08-26,63579,36, Saad Sheita ,DPL,12-08-26,,,52.74,Fill,C-A,BH-9-1,M 73,LAYER-1,2,,214,APPROVED AS NOTED,DONE,2,EIDG,3,,,
160,Tuesday,18-08-26,63891,36, Al Alamiya ,DPL,17-08-26,,,48.35,Fill,C-A,BH-14-5,M 138,LAYER-4,3,,1102,APPROVED AS NOTED,DONE,2,EIDG,1,,,
161,Saturday,15-08-26,63601,36, Al Alamiya ,DPL,14-08-26,,,51.96,Fill,C-A,BH-14-5,M 138,LAYER-3,3,,1307,APPROVED AS NOTED,DONE,2,EIDG,1,,,
162,Wednesday,12-08-26,63511,36, Al Alamiya ,DPL,11-08-26,,,51.04,Fill,C-A,BH-14-5,M 138,LAYER-1,4,,1447,APPROVED AS NOTED,DONE,2,EIDG,1,,,
163,Saturday,15-08-26,63571,36, Al Alamiya ,SOIL,12-08-26,A-4,48.00%,,Bottom of excavation,C-A,BH-14-5,M 152,,1,Sieve analysis,,APPROVED AS NOTED,DONE,2,EIDG,3,,,
164,Saturday,15-08-26,63570,36, Al Alamiya ,SOIL,12-08-26,A-4,47.40%,,Bottom of excavation,C-A,BH-14-5,M 151,,1,Sieve analysis,,APPROVED AS NOTED,DONE,2,EIDG,3,,,
165,Saturday,15-08-26,63530,36, Al Alamiya ,DPL,14-08-26,,,49.631,Fill,C-A,BH-14-5,M 144,LAYER-1,3,,1781,APPROVED AS NOTED,DONE,2,EIDG,1,,,
166,Tuesday,11-08-26,63496,36, Al Alamiya ,SOIL,10-08-26,A-4,46.00%,,Bottom of excavation,C-A,BH-14-5,M 144,,1,Sieve analysis,,APPROVED AS NOTED,DONE,2,EIDG,1,,,
167,Tuesday,11-08-26,63493,36, Al Alamiya ,SOIL,10-08-26,A-4,64.00%,,Bottom of excavation,C-A,BH-14-5,M 159,,1,Sieve analysis,,APPROVED AS NOTED,DONE,2,EIDG,1,,,
168,Saturday,15-08-26,63572,36, Al Alamiya ,SOIL,12-08-26,A-4,49.40%,,Bottom of excavation,C-A,BH-14-5,M 150,,1,Sieve analysis,,APPROVED AS NOTED,DONE,2,EIDG,3,,,
169,Tuesday,18-08-26,63890,36, Abnaa Khalifa ,DPL,17-08-26,,,47.52,Fill,C-A,BH-13-5,M 135,LAYER-1,5,,2499,APPROVED AS NOTED,DONE,2,EIDG,1,,,
170,Tuesday,18-08-26,63865,36, Mecca ,DPL,17-08-26,,,45.3,Fill,C-A,BH-11-3,M 91-96-97,LAYER-2,6,,3272,APPROVED AS NOTED,DONE,2,EIDG,1,,,
171,Tuesday,18-08-26,63888,36, Cleopatra ,SOIL,17-08-26,A-2-4,28.40%,,Bottom of excavation,C-A,BH-12-3,M 130-131,,1,Sieve analysis,,APPROVED AS NOTED,DONE,2,EIDG,1,,,
172,Tuesday,18-08-26,63887,36, Cleopatra ,SOIL,17-08-26,A-2-4,25.20%,,Bottom of excavation,C-A,BH-12-3,M 130-131,,1,Sieve analysis,,APPROVED AS NOTED,DONE,2,EIDG,1,,,
173,Tuesday,18-08-26,63884,36, Cleopatra ,SOIL,17-08-26,A-2-4,26.00%,,Bottom of excavation,C-A,BH-12-3,M 133,,1,Sieve analysis,,APPROVED AS NOTED,DONE,2,EIDG,1,,,
174,Tuesday,18-08-26,63885,36, Cleopatra ,SOIL,17-08-26,A-2-4,24.80%,,Bottom of excavation,C-A,BH-12-3,M 133,,1,Sieve analysis,,APPROVED AS NOTED,DONE,2,EIDG,1,,,
175,Tuesday,18-08-26,63886,36, EL-Hoda ,SOIL,17-08-26,A-4,42.80%,,Bottom of excavation,C-A,BH-13-3,M 186,,1,Sieve analysis,,APPROVED AS NOTED,DONE,2,EIDG,1,,,
176,Tuesday,18-08-26,63905,36, Elhorya ,SOIL,17-08-26,A-4,49.80%,,Bottom of excavation,C-A,BH-10-4,M 99,,1,Sieve analysis,,APPROVED AS NOTED,DONE,2,EIDG,1,,,
177,Tuesday,18-08-26,63903,36, Elhorya ,SOIL,17-08-26,A-4,47.00%,,Bottom of excavation,C-A,BH-10-4,M 100,,1,Sieve analysis,,APPROVED AS NOTED,DONE,2,EIDG,1,,,
178,Tuesday,18-08-26,63893,36, Inshaa ,DPL,17-08-26,,,49.14,Fill,C-A,BH-10-2,M 83,LAYER-1,4,,2037,APPROVED AS NOTED,DONE,2,EIDG,1,,,
179,Tuesday,18-08-26,63895,36, Inshaa ,DPL,17-08-26,,,56.05,Fill,C-A,BH-9-3,M 83,LAYER-1,2,,477,APPROVED AS NOTED,DONE,2,EIDG,1,,,
180,Tuesday,18-08-26,63896,36, Inshaa ,SOIL,17-08-26,A-4,45.60%,,Bottom of excavation,C-A,BH-10-2,M 77,,1,Sieve analysis,,APPROVED AS NOTED,DONE,2,EIDG,1,,,
181,Thursday,18-08-26,63897,36, Inshaa ,SOIL,17-08-26,A-4,49.00%,,Bottom of excavation,C-A,BH-9-3,M 77,,1,Sieve analysis,,APPROVED AS NOTED,DONE,2,EIDG,1,,,
182,Thursday,18-08-26,63898,36, Inshaa ,SOIL,17-08-26,A-4,47.00%,,Bottom of excavation,C-A,BH-10-2,M 81,,1,Sieve analysis,,APPROVED AS NOTED,DONE,2,EIDG,1,,,
183,Thursday,18-08-26,63900,36, Inshaa ,SOIL,17-08-26,A-4,47.20%,,Bottom of excavation,C-A,BH-10-2,M 82,,1,Sieve analysis,,APPROVED AS NOTED,DONE,2,EIDG,1,,,
184,Thursday,19-08-26,63942,36, Al Thanaa ,DPL,18-08-26,,,42.69,Fill,C-A,BH-11-2,M 109,LAYER-0,2,,841,APPROVED AS NOTED,DONE,2,EIDG,1,,,
185,Saturday,18-08-26,63889,36, Orascom ,DPL,17-08-26,,,49.31,Fill,C-A,BH-1,M 52,LAYER-7,3,,1179,APPROVED AS NOTED,DONE,2,EIDG,1,,,
186,Saturday,19-08-26,63948,36, Orascom ,DPL,18-08-26,,,49.82,Fill,C-A,BH-1,M 52,LAYER-8,3,,1140,APPROVED AS NOTED,DONE,2,EIDG,1,,,
187,Saturday,19-08-26,63945,36, Orascom ,DPL,18-08-26,,,47.6,Fill,C-A,BH-1,M 49,LAYER-9,3,,1151,APPROVED AS NOTED,DONE,2,EIDG,1,,,
188,Saturday,18-08-26,63879,36, Orascom ,DPL,17-08-26,,,43.52,Fill,C-A,BH-1,M 55,LAYER-6,3,,1198,APPROVED AS NOTED,DONE,2,EIDG,1,,,
189,Saturday,19-08-26,63947,36, Orascom ,DPL,18-08-26,,,52.23,Fill,C-A,BH-1,M 55,LAYER-7,3,,1160,APPROVED AS NOTED,DONE,2,EIDG,1,,,
190,Saturday,19-08-26,63930,36, Orascom ,DPL,18-08-26,,,48.3,Fill,C-A,BH-1,M 58,LAYER-6,3,,1177,APPROVED AS NOTED,DONE,2,EIDG,1,,,
191,Saturday,19-08-26,63944,36, Orascom ,DPL,18-08-26,,,47.87,Fill,C-A,BH-1,M 41,LAYER-7,3,,1185,APPROVED AS NOTED,DONE,2,EIDG,1,,,
192,Saturday,19-08-26,63926,36, EL-Hoda ,SOIL,18-08-26,A-2-4,34.80%,,Bottom of excavation,C-A,BH-13-3,M 192,,1,Sieve analysis,,APPROVED AS NOTED,DONE,2,EIDG,1,,,
193,Saturday,18-08-26,63906,36, EL-Hoda ,DPL,17-08-26,,,45.19,Fill,C-A,BH-13-3,M 195,LAYER-1,2,,880,APPROVED AS NOTED,DONE,2,EIDG,1,,,
194,Saturday,19-08-26,63946,36, Elhorya ,SOIL,18-08-26,A-4,47.80%,,Bottom of excavation,C-A,BH-10-4,M 93,,1,Sieve analysis,,APPROVED AS NOTED,DONE,2,EIDG,1,,,
195,Saturday,19-08-26,63950,36, Elhorya ,SOIL,18-08-26,A-4,49.00%,,Bottom of excavation,C-A,BH-10-4,M 95,,1,Sieve analysis,,APPROVED AS NOTED,DONE,2,EIDG,1,,,
196,Saturday,18-08-26,63904,36, Elhorya ,SOIL,17-08-26,A-4,51.00%,,Bottom of excavation,C-A,BH-10-4,M 94,,1,Sieve analysis,,APPROVED AS NOTED,DONE,2,EIDG,1,,,
197,Saturday,19-08-26,63927,36, Fayek Office ,DPL,18-08-26,,,50.53,Fill,C-A,BH-10-1,M 84-89-94,LAYER-3,7,,3073,APPROVED AS NOTED,DONE,2,EIDG,1,,,
198,Saturday,19-08-26,63929,36, Fayek Office ,DPL,18-08-26,,,48.68,Fill,C-A,BH-9-2,M 84,LAYER-2,2,,786,APPROVED AS NOTED,DONE,2,EIDG,1,,,
199,Saturday,18-08-26,63878,36, Mokhtar EL-Shenawy ,SOIL,17-08-26,A-4,40.40%,,Bottom of excavation,C-A,BH-9-1,M 76,,1,Sieve analysis,,APPROVED AS NOTED,DONE,2,EIDG,1,,,
200,Saturday,18-08-26,63877,36, Mokhtar EL-Shenawy ,SOIL,17-08-26,A-4,57.00%,,Bottom of excavation,C-A,BH-8-3,M 76,,1,Sieve analysis,,APPROVED AS NOTED,DONE,2,EIDG,1,,,
201,Saturday,18-08-26,63875,36, Mokhtar EL-Shenawy ,SOIL,17-08-26,A-4,53.60%,,Bottom of excavation,C-A,BH-8-3,M 75,,1,Sieve analysis,,APPROVED AS NOTED,DONE,2,EIDG,1,,,
202,Saturday,18-08-26,63864,36, Al Thanaa ,SOIL,17-08-26,A-2-4,10.60%,,Bottom of excavation,C-A,BH-11-2,M 104,,1,Sieve analysis,,APPROVED AS NOTED,DONE,2,EIDG,1,,,
203,Saturday,18-08-26,63863,36, Al Thanaa ,SOIL,17-08-26,A-4,56.20%,,Bottom of excavation,C-A,BH-11-2,M 110,,1,Sieve analysis,,APPROVED AS NOTED,DONE,2,EIDG,1,,,
204,Saturday,18-08-26,63880,36, Mecca ,DPL,17-08-26,,,46.77,Fill,C-A,BH-11-3,M 98,LAYER-2,2,,188,APPROVED AS NOTED,DONE,2,EIDG,1,,,
205,Saturday,18-08-26,63894,36, Inshaa ,DPL,17-08-26,,,45.997,Fill,C-A,BH-10-2,M 84-89,LAYER-2,2,,762,APPROVED AS NOTED,DONE,2,EIDG,1,,,
206,Saturday,18-08-26,63881,36, Al Amal ,DPL,17-08-26,,,48.7,Fill,C-A,BH-11-1,M 100,LAYER-1,3,,1167,APPROVED AS NOTED,DONE,2,EIDG,1,,,
207,Saturday,18-08-26,63883,36, EL Nessr El Araby ,SOIL,17-08-26,A-4,38.40%,,Bottom of excavation,C-A,BH-13-4,M 134,,1,Sieve analysis,,APPROVED AS NOTED,DONE,2,EIDG,1,,,
208,Saturday,18-08-26,63901,36, EL Nessr El Araby ,DPL,17-08-26,,,50.43,Fill,C-A,BH-13-4,M 195,LAYER-3,2,,304,APPROVED AS NOTED,DONE,2,EIDG,1,,,
209,Saturday,18-08-26,63882,36, EL Nessr El Araby ,SOIL,17-08-26,A-2-4,34.80%,,Bottom of excavation,C-A,BH-13-4,M 134,,1,Sieve analysis,,APPROVED AS NOTED,DONE,2,EIDG,1,,,
210,Saturday,18-08-26,63892,36, Al Omraniya ,SOIL,17-08-26,A-2-4,26.00%,,Bottom of excavation,C-A,BH-14-3,M 147,,1,Sieve analysis,,APPROVED AS NOTED,DONE,2,EIDG,1,,,
211,Saturday,19-08-26,63931,36, Al Omraniya ,SOIL,18-08-26,A-2-4,17.80%,49.36,Bottom of excavation,C-A,BH-14-3,M 146,LAYER-0,3,Sieve analysis,841,APPROVED AS NOTED,DONE,3,EIDG,1,,,
212,Saturday,24-08-26,64033,36, Mokhtar EL-Shenawy ,SOIL,21-08-26,A-2-4,35.00%,41.5,Bottom of excavation,C-A,BH-9-1,M 77,LAYER-0,3,Sieve analysis,190,APPROVED AS NOTED,DONE,3,EIDG,3,,,
213,Monday,24-08-26,64031,36, Mokhtar EL-Shenawy ,DPL,21-08-26,,,48,Fill,C-A,BH-9-1,M 79-84,LAYER-1,5,,2173,APPROVED AS NOTED,DONE,2,EIDG,3,,,
214,Monday,24-08-26,64032,36, Mokhtar EL-Shenawy ,SOIL,21-08-26,A-2-4,34.40%,41.63,Bottom of excavation,C-A,BH-9-1,M 73,LAYER-0,3,Sieve analysis,995,APPROVED AS NOTED,DONE,3,EIDG,3,,,
215,Monday,24-08-26,63978,36, Mokhtar EL-Shenawy ,DPL,20-08-26,,,46.97,Fill,C-A,BH-9-1,M 80,LAYER-1,5,,2198,REVISE,DONE,2,EIDG,4,,,
216,Monday,24-08-26,64057,36, Mokhtar EL-Shenawy ,DPL,19-08-26,,,47.49,Fill,C-A,BH-9-1,M 80,LAYER-1,4,,2198,APPROVED AS NOTED,DONE,2,EIDG,5,,,
217,Monday,24-08-26,63980,36, Mokhtar EL-Shenawy ,DPL,20-08-26,,,50.37,Fill,C-A,BH-9-1,M 85,LAYER-1,2,,799,APPROVED AS NOTED,DONE,2,EIDG,4,,,
218,Monday,24-08-26,63995,36, Mokhtar EL-Shenawy ,DPL,20-08-26,,,45.27,Fill,C-A,BH-8-3,M 72,LAYER-2,5,,2543,APPROVED AS NOTED,DONE,2,EIDG,4,,,
219,Monday,24-08-26,63977,36, Mokhtar EL-Shenawy ,DPL,20-08-26,,,46.49,Fill,C-A,BH-8-3,M 67,LAYER-1,4,,1860,APPROVED AS NOTED,DONE,2,EIDG,4,,,
220,Monday,24-08-26,64063,36, MTR for Import ,DPL,19-08-26,,,50.06,Fill,C-A,BH-10-2,M 81,LAYER-2,2,,274,APPROVED AS NOTED,DONE,2,EIDG,5,,,
221,Monday,24-08-26,64027,36, MTR for Import ,DPL,21-08-26,,,48.46,Fill,C-A,BH-10-2,M 81,LAYER-3,2,,246,APPROVED AS NOTED,DONE,2,EIDG,3,,,
222,Monday,24-08-26,64064,36, MTR for Import ,DPL,19-08-26,,,48.75,Fill,C-A,BH-10-4,M 86,LAYER-1,2,,182,APPROVED AS NOTED,DONE,2,EIDG,5,,,
223,Monday,24-08-26,64026,36, MTR for Import ,DPL,21-08-26,,,54.79,Fill,C-A,BH-10-4,M 86,LAYER-2,2,,170,APPROVED AS NOTED,DONE,2,EIDG,3,,,
224,Monday,24-08-26,64065,36, MTR for Import ,DPL,19-08-26,,,55.33,Fill,C-A,BH-9-3,M 77,LAYER-3,2,,88,APPROVED AS NOTED,DONE,2,EIDG,5,,,
225,Monday,24-08-26,64066,36, MTR for Import ,DPL,19-08-26,,,47.14,Fill,C-A,BH-9-3,M 77,LAYER-3,2,,88,APPROVED AS NOTED,DONE,2,EIDG,5,,,
226,Monday,24-08-26,64029,36, MTR for Import ,DPL,21-08-26,,,42.75,Fill,C-A,BH-9-3,M 77,LAYER-4,2,,141,APPROVED AS NOTED,DONE,2,EIDG,3,,,
227,Monday,24-08-26,64028,36, MTR for Import ,DPL,21-08-26,,,49.9,Fill,C-A,BH-10-2,M 77,LAYER-3,2,,77,APPROVED AS NOTED,DONE,2,EIDG,3,,,
228,Monday,24-08-26,64054,36, Mecca ,DPL,19-08-26,,,51.03,Fill,C-A,BH-11-3,M 91-96-97,LAYER-3,8,,4483,APPROVED AS NOTED,DONE,2,EIDG,5,,,
229,Monday,24-08-26,64101,36, Cleopatra ,DPL,20-08-26,,,53.98,Fill,C-A,BH-12-3,M 133,LAYER-1,2,,87,APPROVED AS NOTED,DONE,2,EIDG,4,,,
230,Monday,24-08-26,64103,36, Cleopatra ,DPL,20-08-26,,,46.05,Fill,C-A,BH-12-3,M 197,LAYER-1,2,,196,APPROVED AS NOTED,DONE,2,EIDG,4,,,
231,Monday,24-08-26,64098,36, Cleopatra ,DPL,20-08-26,,,49.69,Fill,C-A,BH-12-3,M 197,LAYER-2,2,,880,APPROVED AS NOTED,DONE,2,EIDG,4,,,
232,Monday,24-08-26,64097,36, Cleopatra ,DPL,20-08-26,,,44.54,Fill,C-A,BH-12-3,M 197,LAYER-1,2,,880,APPROVED AS NOTED,DONE,2,EIDG,4,,,
233,Monday,24-08-26,64055,36, Cleopatra ,DPL,19-08-26,,,51.87,Fill,C-A,BH-12-3,M 130,LAYER-1,2,,746,APPROVED AS NOTED,DONE,2,EIDG,5,,,
234,Monday,24-08-26,64102,36, Mokhtar EL-Shenawy ,DPL,20-08-26,,,50.32,Fill,C-A,BH-8-3,M 70,LAYER-1,2,,92,APPROVED AS NOTED,DONE,2,EIDG,4,,,
235,Monday,24-08-26,63989,36, Mohamed Oraby ,SOIL,20-08-26,A-4,48.00%,,Bottom of excavation,C-A,BH-14-4,M 144,,1,Sieve analysis,,APPROVED AS NOTED,DONE,2,EIDG,4,,,
236,Monday,24-08-26,64059,36, Mohamed Oraby ,SOIL,19-08-26,A-4,51.00%,,Bottom of excavation,C-A,BH-14-4,M 140,,1,Sieve analysis,,APPROVED AS NOTED,DONE,2,EIDG,5,,,
237,Monday,24-08-26,63990,36, Mohamed Oraby ,SOIL,20-08-26,A-4,49.00%,,Bottom of excavation,C-A,BH-14-4,M 138,,1,Sieve analysis,,APPROVED AS NOTED,DONE,2,EIDG,4,,,
238,Monday,24-08-26,64095,36, Al Alamiya ,SOIL,20-08-26,A-2-4,28.40%,55.94,Bottom of excavation,C-A,BH-14-5,M 150,LAYER-0,3,Sieve analysis,337,APPROVED AS NOTED,DONE,2,EIDG,4,,,
239,Wednesday,26-08-26,64203,36, MTR for Import ,DPL,23-08-26,,,42.299,Fill,C-A,BH-10-4,M 86,LAYER-3,2,,129,APPROVED AS NOTED,DONE,2,EIDG,3,,,
240,Wednesday,26-08-26,64201,36, EL Nessr El Araby ,DPL,23-08-26,,,49.23,Fill,C-A,BH-13-4,M 134,LAYER-2,5,,2292,APPROVED AS NOTED,DONE,2,EIDG,3,,,
241,Wednesday,26-08-26,64208,36, Mecca ,DPL,23-08-26,,,46.42,Fill,C-A,BH-13-3,M 199,LAYER-1,2,,437,APPROVED AS NOTED,DONE,2,EIDG,3,,,
242,Tuesday,25-08-26,64155,36, EL Gharably ,SOIL,22-08-26,A-4,48.80%,,Bottom of excavation,C-A,BH-12-1,M 108,,1,Sieve analysis,,APPROVED AS NOTED,DONE,2,EIDG,3,,,
243,Wednesday,26-08-26,64206,36, MTR for Import ,DPL,23-08-26,,,46.67,Fill,C-A,BH-10-2,M 77,LAYER-4,2,,76,APPROVED AS NOTED,DONE,2,EIDG,3,,,
244,Wednesday,26-08-26,64202,36, MTR for Import ,DPL,23-08-26,,,54.19,Fill,C-A,BH-9-3,M 77,LAYER-5,2,,95,APPROVED AS NOTED,DONE,2,EIDG,3,,,
245,Wednesday,26-08-26,64211,36, Mokhtar EL-Shenawy ,DPL,23-08-26,,,51.51,Fill,C-A,BH-9-1,M 74,LAYER-1,5,,2450,APPROVED AS NOTED,DONE,2,EIDG,3,,,
246,Wednesday,26-08-26,64204,36, MTR for Import ,DPL,23-08-26,,,50.28,Fill,C-A,BH-10-2,M 81,LAYER-4,2,,166,APPROVED AS NOTED,DONE,2,EIDG,3,,,
247,Wednesday,26-08-26,64207,36, Elhorya ,DPL,23-08-26,,,51.74,Fill,C-A,BH-10-4,M 89,LAYER-2,2,,21,APPROVED AS NOTED,DONE,2,EIDG,3,,,
248,Wednesday,26-08-26,64209,36, EL Gharably ,DPL,23-08-26,,,51.24,Fill,C-A,BH-12-1,M 114,LAYER-2,4,,2068,APPROVED AS NOTED,DONE,2,EIDG,3,,,
249,Tuesday,25-08-26,64153,36, Mokhtar EL-Shenawy ,DPL,22-08-26,,,45.07,Fill,C-A,BH-8-3,M 67,LAYER-2,3,,1807,APPROVED AS NOTED,DONE,2,EIDG,3,,,
250,Wednesday,26-08-26,64213,36, Mokhtar EL-Shenawy ,DPL,23-08-26,,,47.808,Fill,C-A,BH-8-3,M 67,LAYER-3,4,,1780,APPROVED AS NOTED,DONE,2,EIDG,3,,,
251,Tuesday,25-08-26,64156,36, EL Gharably ,SOIL,22-08-26,A-4,49.40%,,Bottom of excavation,C-A,BH-12-1,M 112,,1,Sieve analysis,,APPROVED AS NOTED,DONE,2,EIDG,3,,,
252,Tuesday,25-08-26,64144,36, Mokhtar EL-Shenawy ,DPL,22-08-26,,,42.56,Fill,C-A,BH-9-1,M 73,LAYER-1,2,,995,APPROVED AS NOTED,DONE,2,EIDG,3,,,
253,Wednesday,26-08-26,64144,36, Mokhtar EL-Shenawy ,DPL,23-08-26,,,45.07,Fill,C-A,BH-9-1,M 73-77,LAYER-2,3,,1226,APPROVED AS NOTED,DONE,2,EIDG,3,,,
254,Tuesday,25-08-26,64154,36, EL Nessr El Araby ,SOIL,22-08-26,A-2-4,21.40%,,Bottom of excavation,C-A,BH-13-4,M 142,,1,Sieve analysis,,APPROVED AS NOTED,DONE,2,EIDG,3,,,
255,Tuesday,25-08-26,64158,36, Al Thanaa ,DPL,22-08-26,,,54,Fill,C-A,BH-11-2,M 105,LAYER-23,2,,680,APPROVED AS NOTED,DONE,2,EIDG,3,,,
256,Tuesday,25-08-26,64132,36, Al Omraniya ,SOIL,22-08-26,A-2-4,29.00%,,Bottom of excavation,C-A,BH-14-3,M 141,,1,Sieve analysis,,APPROVED AS NOTED,DONE,2,EIDG,3,,,
257,Tuesday,25-08-26,64132,36, Al Omraniya ,DPL,22-08-26,,,53.13,Bottom of excavation,C-A,BH-14-3,M 141,LAYER-0,3,,1451,APPROVED AS NOTED,DONE,2,EIDG,3,,,
258,Tuesday,25-08-26,64131,36, Al Omraniya ,SOIL,22-08-26,A-2-4,28.20%,,Bottom of excavation,C-A,BH-14-3,M 142,,1,Sieve analysis,,APPROVED AS NOTED,DONE,2,EIDG,3,,,
259,Tuesday,25-08-26,64131,36, Al Omraniya ,DPL,22-08-26,,,44.86,Bottom of excavation,C-A,BH-14-3,M 142,LAYER-0,3,,1288,APPROVED AS NOTED,DONE,2,EIDG,3,,,
260,Tuesday,25-08-26,64130,36, Abnaa Khalifa ,DPL,22-08-26,,,51.64,Fill,C-A,BH-13-5,M 135,LAYER-2,5,,2449,APPROVED AS NOTED,DONE,2,EIDG,3,,,
261,Tuesday,25-08-26,64129,36, Cleopatra ,DPL,22-08-26,,,48.94,Fill,C-A,BH-12-3,M 197,LAYER-3,2,,880,APPROVED AS NOTED,DONE,2,EIDG,3,,,
262,Wednesday,26-08-26,64186,36, Al Qahira ,SOIL,23-08-26,A-4,57.40%,,Bottom of excavation,C-A,BH-14-1,M 184,,1,Sieve analysis,,APPROVED AS NOTED,DONE,2,EIDG,3,,,
263,Wednesday,26-08-26,64187,36, Al Anoud Al Arabia ,DPL,23-08-26,,,52.63,Fill,C-A,BH-15-5,M 150-151,LAYER-2,4,,1536,APPROVED AS NOTED,DONE,2,EIDG,3,,,
264,Tuesday,25-08-26,64123,36, Beraiem ,DPL,23-08-26,,,51.88,Fill,C-A,BH-13-2,M 118,LAYER-1,3,,1216,APPROVED AS NOTED,DONE,2,EIDG,2,,,
265,Tuesday,25-08-26,64126,36, Abnaa Khalifa ,DPL,22-08-26,,,48.86,Fill,C-A,BH-13-5,M 138,LAYER-2,4,,2048,APPROVED AS NOTED,DONE,2,EIDG,3,,,
266,Wednesday,26-08-26,64189,36, Mohamed Oraby ,DPL,23-08-26,,,50.27,Fill,C-A,BH-14-4,M 138,LAYER-2,2,,221,APPROVED AS NOTED,DONE,2,EIDG,3,,,
267,Wednesday,26-08-26,64188,36, Mohamed Oraby ,SOIL,23-08-26,A-2-4,20.00%,,Bottom of excavation,C-A,BH-14-4,M 146,,1,Sieve analysis,,APPROVED AS NOTED,DONE,2,EIDG,3,,,
268,Wednesday,26-08-26,64188,36, Mohamed Oraby ,DPL,23-08-26,,,48.25,Bottom of excavation,C-A,BH-14-4,M 146,LAYER-0,4,,1642,APPROVED AS NOTED,DONE,2,EIDG,3,,,
269,Wednesday,26-08-26,64268,36, Cleopatra ,PLATE LOAD,25-08-26,,,,Fill,C-A,BH-12-3,M 197-198,41.35,1,,1506,APPROVED AS NOTED,DONE,5,CEL,1,,,
270,Wednesday,26-08-26,64190,36, Cleopatra ,DPL,23-08-26,,,51.74,Fill,C-A,BH-12-3,M 197,LAYER-4,3,,1160,APPROVED AS NOTED,DONE,2,EIDG,3,,,
271,Wednesday,26-08-26,64191,36, Cleopatra ,DPL,23-08-26,,,50.667,Fill,C-A,BH-12-3,M 195,LAYER-1,3,,1085,APPROVED AS NOTED,DONE,2,EIDG,3,,,
272,Wednesday,26-08-26,64197,36, Al Qahira ,SOIL,23-08-26,A-2-4,32.40%,,Bottom of excavation,C-A,BH-14-1,M 124,,1,Sieve analysis,,APPROVED AS NOTED,DONE,2,EIDG,3,,,
273,Wednesday,26-08-26,64197,36, Al Qahira ,DPL,23-08-26,,,48.13,Bottom of excavation,C-A,BH-14-1,M 124,LAYER-0,5,,2236,APPROVED AS NOTED,DONE,2,EIDG,3,,,
274,Wednesday,26-08-26,64195,36, Mokhtar EL-Shenawy ,DPL,23-08-26,,,48.89,Fill,C-A,BH-9-1,M 79-84,LAYER-2,5,,2240,APPROVED AS NOTED,DONE,2,EIDG,3,,,
275,Wednesday,26-08-26,64196,36, Mokhtar EL-Shenawy ,DPL,23-08-26,,,47,Fill,C-A,BH-8-3,M 75,LAYER-1,2,,306,APPROVED AS NOTED,DONE,2,EIDG,3,,,
276,Wednesday,26-08-26,64194,36, Mokhtar EL-Shenawy ,DPL,23-08-26,,,47.23,Fill,C-A,BH-9-1,M 75,LAYER-1,4,,1930,APPROVED AS NOTED,DONE,2,EIDG,3,,,
277,Wednesday,26-08-26,64261,36, Orascom ,PLATE LOAD,23-08-26,,,,Fill,C-A,BH-1,M 64,27,1,,,APPROVED AS NOTED,DONE,6,CEDC,3,,,
278,Wednesday,26-08-26,64170,36, Orascom ,DPL,23-08-26,,,45.64,Fill,C-A,BH-1,M 64,LAYER-6,2,,484,APPROVED AS NOTED,DONE,2,EIDG,3,,,
279,Wednesday,26-08-26,64185,36, Orascom ,DPL,23-08-26,,,52.21,Fill,C-A,BH-1,M 41,LAYER-9,3,,1135,APPROVED AS NOTED,DONE,2,EIDG,3,,,
280,Wednesday,26-08-26,64267,36, Orascom ,PLATE LOAD,25-08-26,,,,Fill,C-A,BH-1,M 41,29.4,1,,1110,APPROVED AS NOTED,DONE,5,CEL,1,,,
281,Tuesday,25-08-26,64124,36, Beraiem ,DPL,22-08-26,,,46.31,Fill,C-A,BH-13-2,M 115,LAYER-1,3,,1174,APPROVED AS NOTED,DONE,2,EIDG,3,,,
282,Wednesday,26-08-26,64269,36, Orascom ,PLATE LOAD,25-08-26,,,,Fill,C-A,BH-1,M 45,29.4,1,,,APPROVED AS NOTED,DONE,6,CEDC,1,,,
283,Wednesday,26-08-26,64184,36, Orascom ,DPL,23-08-26,,,53.14,Fill,C-A,BH-1,M 45,LAYER-9,2,,1099,APPROVED AS NOTED,DONE,2,EIDG,3,,,
284,Tuesday,25-08-26,64127,36, Al Alamiya ,DPL,22-08-26,,,48.7,Fill,C-A,BH-14-5,M 143-144,LAYER-3,9,,4436,APPROVED AS NOTED,DONE,2,EIDG,3,,,
285,Tuesday,25-08-26,64160,36, Abnaa Khalifa ,DPL,22-08-26,,,49.66,Fill,C-A,BH-13-5,M 132-133,LAYER-2,9,,4328,APPROVED AS NOTED,DONE,2,EIDG,3,,,
286,Tuesday,25-08-26,64128,36, Al Alamiya ,SOIL,22-08-26,A-2-4,30.00%,,Bottom of excavation,C-A,BH-14-5,M 150,,1,Sieve analysis,,APPROVED AS NOTED,DONE,2,EIDG,3,,,
287,Tuesday,25-08-26,64128,36, Al Alamiya ,DPL,22-08-26,,,51.4,Bottom of excavation,C-A,BH-14-5,M 150,LAYER-0,2,,645,APPROVED AS NOTED,DONE,2,EIDG,3,,,
288,Tuesday,25-08-26,64135,36, Al Anoud Al Arabia ,DPL,22-08-26,,,45.14,Fill,C-A,BH-15-5,M 152,LAYER-1,2,,183,APPROVED AS NOTED,DONE,2,EIDG,3,,,
289,Tuesday,25-08-26,64134,36, Al Anoud Al Arabia ,DPL,22-08-26,,,55.62,Fill,C-A,BH-15-5,M 160,LAYER-1,2,,78,APPROVED AS NOTED,DONE,2,EIDG,3,,,
290,Tuesday,25-08-26,64133,36, Al Anoud Al Arabia ,DPL,22-08-26,,,48.26,Fill,C-A,BH-15-5,M 161,LAYER-1,2,,177,APPROVED AS NOTED,DONE,2,EIDG,3,,,
291,Tuesday,25-08-26,64136,36, Cleopatra ,DPL,22-08-26,,,50.73,Fill,C-A,BH-12-3,M 197,LAYER-4,3,,1412,APPROVED AS NOTED,DONE,2,EIDG,3,,,
292,Tuesday,25-08-26,64151,36, Mokhtar EL-Shenawy ,DPL,22-08-26,,,44.65,Fill,C-A,BH-8-3,M 76,LAYER-2,3,,1685,APPROVED AS NOTED,DONE,2,EIDG,3,,,
293,Tuesday,25-08-26,64150,36, Mokhtar EL-Shenawy ,DPL,22-08-26,,,48.08,Fill,C-A,BH-9-1,M 76,LAYER-2,2,,807,APPROVED AS NOTED,DONE,2,EIDG,3,,,
294,Tuesday,25-08-26,64148,36, Mokhtar EL-Shenawy ,DPL,22-08-26,,,50.63,Fill,C-A,BH-9-1,M 85,LAYER-2,2,,992,APPROVED AS NOTED,DONE,2,EIDG,3,,,
295,Tuesday,25-08-26,64139,36, Orascom ,DPL,22-08-26,,,49.67,Fill,C-A,BH-1,M 55,LAYER-8,3,,1136,APPROVED AS NOTED,DONE,2,EIDG,3,,,
296,Tuesday,25-08-26,64141,36, EL Nessr El Araby ,DPL,22-08-26,,,47.58,Fill,C-A,BH-13-4,M 191-194-195,LAYER-7,4,,4054,APPROVED AS NOTED,DONE,2,EIDG,3,,,
297,Tuesday,25-08-26,64143,36, Mokhtar EL-Shenawy ,DPL,22-08-26,,,52.11,Fill,C-A,BH-9-1,M 78,LAYER-1,3,,1277,APPROVED AS NOTED,DONE,2,EIDG,3,,,
298,Tuesday,25-08-26,64145,36, Orascom ,DPL,22-08-26,,,52.452,Fill,C-A,BH-1,M 58,LAYER-7,3,,1152,APPROVED AS NOTED,DONE,2,EIDG,3,,,
299,Tuesday,25-08-26,64147,36, Karim Salam ,SOIL,22-08-26,A-2-4,32.00%,,Bottom of excavation,C-A,BH-15-1,M 157,,1,Sieve analysis,,APPROVED AS NOTED,DONE,2,EIDG,3,,,
300,Tuesday,25-08-26,64147,36, Karim Salam ,DPL,22-08-26,,,41.87,Bottom of excavation,C-A,BH-15-1,M 157,LAYER-0,2,,293,APPROVED AS NOTED,DONE,2,EIDG,3,,,
301,Tuesday,25-08-26,64146,36, Karim Salam ,SOIL,22-08-26,A-2-4,33.00%,,Bottom of excavation,C-A,BH-15-1,M 157,,1,Sieve analysis,,APPROVED AS NOTED,DONE,2,EIDG,3,,,
302,Tuesday,25-08-26,64146,36, Karim Salam ,DPL,22-08-26,,,51.99,Bottom of excavation,C-A,BH-15-1,M 157,LAYER-0,2,,324,APPROVED AS NOTED,DONE,2,EIDG,3,,,
303,Tuesday,25-08-26,64152,36, EL Nessr El Araby ,SOIL,22-08-26,A-2-4,22.00%,,Bottom of excavation,C-A,BH-13-4,M 188,,1,Sieve analysis,,APPROVED AS NOTED,DONE,2,EIDG,3,,,
304,Tuesday,25-08-26,64149,36, Mokhtar EL-Shenawy ,DPL,22-08-26,,,44.55,Fill,C-A,BH-9-1,M 80,LAYER-2,5,,2371,APPROVED AS NOTED,DONE,2,EIDG,3,,,
305,Monday,24-08-26,64050,36, Al Alamiya ,DPL,19-08-26,,,52.46,Fill,C-A,BH-14-5,M 143-144,LAYER-2,8,,4378,APPROVED AS NOTED,DONE,2,EIDG,5,,,
306,Monday,24-08-26,64049,36, Al Alamiya ,DPL,19-08-26,,,49.89,Fill,C-A,BH-14-5,M 138,LAYER-5,3,,1467,APPROVED AS NOTED,DONE,2,EIDG,5,,,
307,Monday,24-08-26,64089,36, Al Alamiya ,PLATE LOAD,21-08-26,,,,Fill,C-A,BH-14-5,M 138,46.1,1,,1467,REVISE,DONE,5,CEL,3,,,
308,Monday,24-08-26,63992,36, Elhorya ,DPL,20-08-26,,,51.58,Fill,C-A,BH-10-4,M 89,LAYER-1,2,,21,APPROVED AS NOTED,DONE,2,EIDG,4,,,
309,Monday,24-08-26,63993,36, Elhorya ,DPL,20-08-26,,,50.15,Fill,C-A,BH-10-4,M 94,LAYER-1,4,,2045,APPROVED AS NOTED,DONE,2,EIDG,4,,,
310,Monday,24-08-26,63974,36, Elhorya ,DPL,20-08-26,,,47.2,Fill,C-A,BH-10-4,M 100,LAYER-1,3,,1431,APPROVED AS NOTED,DONE,2,EIDG,4,,,
311,Monday,24-08-26,64052,36, Elhorya ,SOIL,19-08-26,A-4,63.80%,,Bottom of excavation,C-A,BH-10-4,M 92,,1,Sieve analysis,,APPROVED AS NOTED,DONE,2,EIDG,5,,,
312,Monday,24-08-26,64106,36, EL Nessr El Araby ,DPL,19-08-26,,,42.42,Fill,C-A,BH-13-4,M 195,LAYER-6,2,,345,APPROVED AS NOTED,DONE,2,EIDG,5,,,
313,Monday,24-08-26,63973,36, Elhorya ,DPL,20-08-26,,,49.64,Fill,C-A,BH-10-4,M 95,LAYER-1,2,,911,APPROVED AS NOTED,DONE,2,EIDG,4,,,
314,Monday,24-08-26,64035,36, Elhorya ,DPL,21-08-26,,,51.44,Fill,C-A,BH-10-4,M 88,LAYER-1,2,,803,APPROVED AS NOTED,DONE,2,EIDG,3,,,
315,Monday,24-08-26,64053,36, Elhorya ,SOIL,19-08-26,A-4,60.00%,,Bottom of excavation,C-A,BH-10-4,M 89,,1,Sieve analysis,,APPROVED AS NOTED,DONE,2,EIDG,5,,,
316,Monday,24-08-26,64051,36, Elhorya ,SOIL,19-08-26,A-4,61.00%,,Bottom of excavation,C-A,BH-10-4,M 88,,1,Sieve analysis,,APPROVED AS NOTED,DONE,2,EIDG,5,,,
317,Monday,24-08-26,64034,36, Elhorya ,DPL,21-08-26,,,47.93,Fill,C-A,BH-10-4,M 93,LAYER-1,3,,1351,APPROVED AS NOTED,DONE,2,EIDG,3,,,
318,Monday,24-08-26,63997,36, EL Gharably ,SOIL,20-08-26,A-2-4,34.00%,,Bottom of excavation,C-A,BH-12-1,M 106,,1,Sieve analysis,,APPROVED AS NOTED,DONE,2,EIDG,4,,,
319,Monday,24-08-26,63997,36, EL Gharably ,DPL,20-08-26,,,47.9,Bottom of excavation,C-A,BH-12-1,M 106,,3,,1427,APPROVED AS NOTED,DONE,2,EIDG,4,,,
320,Monday,24-08-26,64025,36, EL Gharably ,DPL,21-08-26,,,52.75,Fill,C-A,BH-12-1,M 114,LAYER-1,3,,1684,APPROVED AS NOTED,DONE,2,EIDG,3,,,
321,Monday,24-08-26,64096,36, Abnaa Mohamed Badawy ,DPL,20-08-26,,,53.5,Fill,C-A,BH-8-2,M 64,LAYER-4,3,,1006,APPROVED AS NOTED,DONE,2,EIDG,4,,,
322,Monday,24-08-26,63988,36, Abnaa Khalifa ,DPL,20-08-26,,,50.7,Fill,C-A,BH-13-5,M 133,LAYER-2,5,,2318,APPROVED AS NOTED,DONE,2,EIDG,4,,,
323,Monday,24-08-26,64048,36, Abnaa Khalifa ,DPL,19-08-26,,,48.84,Fill,C-A,BH-13-5,M 132,LAYER-1,4,,1953,APPROVED AS NOTED,DONE,2,EIDG,5,,,
324,Monday,24-08-26,64058,36, Al Amal ,SOIL,19-08-26,A-2-4,34.00%,,Bottom of excavation,C-A,BH-11-1,M 105,,1,Sieve analysis,,APPROVED AS NOTED,DONE,2,EIDG,5,,,
325,Monday,24-08-26,64061,36, Al Qahira ,SOIL,19-08-26,A-4,48.80%,,Bottom of excavation,C-A,BH-14-1,M 129,,1,Sieve analysis,,APPROVED AS NOTED,DONE,2,EIDG,5,,,
326,Monday,24-08-26,64060,36, Saad Sheita ,DPL,19-08-26,,,48.3,Fill,C-A,BH-8-3,M 70,LAYER-1,2,,92,APPROVED AS NOTED,DONE,2,EIDG,5,,,
327,Monday,24-08-26,64024,36, Orascom ,DPL,21-08-26,,,48.49,Fill,C-A,BH-1,M 45,LAYER-8,3,,1124,APPROVED AS NOTED,DONE,2,EIDG,3,,,
328,Monday,24-08-26,64023,36, Orascom ,DPL,21-08-26,,,47.65,Fill,C-A,BH-1,M 64,LAYER-4,2,,520,APPROVED AS NOTED,DONE,2,EIDG,3,,,
329,Monday,24-08-26,63970,36, Orascom ,DPL,20-08-26,,,48,Fill,C-A,BH-1,M 64,LAYER-2,2,,562,APPROVED AS NOTED,DONE,2,EIDG,4,,,
330,Monday,24-08-26,64039,36, Orascom ,DPL,21-08-26,,,49.77,Fill,C-A,BH-1,M 41,LAYER-8,3,,1160,APPROVED AS NOTED,DONE,2,EIDG,3,,,
331,Monday,24-08-26,64094,36, Orascom ,PLATE LOAD,22-08-26,,,,Fill,C-A,BH-1,M 49,28.8,1,,1127,APPROVED AS NOTED,DONE,5,CEL,2,,,
332,Monday,24-08-26,64104,36, Al Anoud Al Arabia ,DPL,20-08-26,,,49.13,Fill,C-A,BH-15-5,M 151,LAYER-1,2,,749,APPROVED AS NOTED,DONE,2,EIDG,4,,,
333,Monday,24-08-26,63998,36, Al Anoud Al Arabia ,DPL,20-08-26,,,47.355,Fill,C-A,BH-15-5,M 150,LAYER-1,2,,675,APPROVED AS NOTED,DONE,2,EIDG,4,,,
334,Monday,24-08-26,64067,36, Fayek Office ,DPL,19-08-26,,,45.88,Fill,C-A,BH-10-1,M 95,LAYER-1,3,,1575,APPROVED AS NOTED,DONE,2,EIDG,5,,,
335,Monday,24-08-26,63975,36, Fayek Office ,DPL,20-08-26,,,56.08,Fill,C-A,BH-10-1,M 90,LAYER-1,2,,979,APPROVED AS NOTED,DONE,2,EIDG,4,,,
336,Monday,24-08-26,64003,36, EL-Hoda ,DPL,20-08-26,,,51.69,Fill,C-A,BH-13-3,M 190,LAYER-1,3,,1191,APPROVED AS NOTED,DONE,2,EIDG,4,,,
337,Monday,24-08-26,64002,36, EL-Hoda ,DPL,20-08-26,,,48.69,Fill,C-A,BH-13-3,M 193,LAYER-1,3,,1318,APPROVED AS NOTED,DONE,2,EIDG,4,,,
338,Monday,24-08-26,63972,36, EL-Hoda ,DPL,20-08-26,,,47.73,Fill,C-A,BH-13-3,M 115,LAYER-3,2,,597,APPROVED AS NOTED,DONE,2,EIDG,4,,,
339,Monday,24-08-26,64036,36, EL-Hoda ,DPL,21-08-26,,,44.94,Fill,C-A,BH-13-3,M 195,LAYER-3,2,,965,APPROVED AS NOTED,DONE,2,EIDG,3,,,
340,Monday,24-08-26,64037,36, EL-Hoda ,DPL,21-08-26,,,50.156,Fill,C-A,BH-13-3,M 192,LAYER-1,2,,388,APPROVED AS NOTED,DONE,2,EIDG,3,,,
341,Monday,24-08-26,63986,36, Al Thanaa ,DPL,20-08-26,,,53.22,Fill,C-A,BH-11-2,M 105,LAYER-2,2,,656,APPROVED AS NOTED,DONE,2,EIDG,4,,,
342,Monday,24-08-26,64105,36, Al Thanaa ,DPL,19-08-26,,,49.33,Fill,C-A,BH-11-2,M 105,LAYER-1,2,,581,APPROVED AS NOTED,DONE,2,EIDG,5,,,
343,Monday,24-08-26,63981,36, Al Thanaa ,DPL,20-08-26,,,51.33,Fill,C-A,BH-11-2,M 110,LAYER-1,5,,581,APPROVED AS NOTED,DONE,2,EIDG,4,,,
344,Monday,24-08-26,64038,36, EL Nessr El Araby ,DPL,21-08-26,,,50.17,Fill,C-A,BH-13-4,M 134,LAYER-1,5,,2228,APPROVED AS NOTED,DONE,2,EIDG,3,,,
345,Monday,24-08-26,63982,36, EL Nessr El Araby ,SOIL,20-08-26,A-2-4,34.80%,50.17,Bottom of excavation,C-A,BH-13-4,M 141,,1,Sieve analysis,,APPROVED AS NOTED,DONE,2,EIDG,4,,,
346,Monday,24-08-26,63982,36, EL Nessr El Araby ,DPL,20-08-26,,,47.53,Bottom of excavation,C-A,BH-13-4,M 141,LAYER-0,2,,698,APPROVED AS NOTED,DONE,2,EIDG,4,,,
347,Monday,24-08-26,64099,36, EL Nessr El Araby ,SOIL,20-08-26,A-4,39.00%,,Bottom of excavation,C-A,BH-13-4,M 137,,1,Sieve analysis,,APPROVED AS NOTED,DONE,2,EIDG,,,,
348,Monday,24-08-26,63984,36, Al Omraniya ,SOIL,20-08-26,A-4,47.00%,,Bottom of excavation,C-A,BH-14-3,M 142,,1,Sieve analysis,,APPROVED AS NOTED,DONE,2,EIDG,4,,,
349,Monday,24-08-26,64080,36, EL Nessr El Araby ,PLATE LOAD,20-08-26,,,,Fill,C-A,BH-13-4,M 195,42.45,1,,,APPROVED AS NOTED,DONE,3,BONYAN MISR,4,,,
350,Tuesday,01-09-26,64622,36, Al Anoud Al Arabia ,DPL,30-08-26,,,50.4,Fill,C-A,BH-15-5,M 161,LAYER-3,5,,2292,APPROVED AS NOTED,DONE,2,EIDG,2,,,
351,Tuesday,01-09-26,64616,36, Al Anoud Al Arabia ,DPL,30-08-26,,,49.112,Fill,C-A,BH-15-5,M 159,LAYER-3,6,,2769,APPROVED AS NOTED,DONE,2,EIDG,2,,,
352,Sunday,30-08-26,64527,36, Al Anoud Al Arabia ,DPL,27-08-26,,,46.64,Fill,C-A,BH-15-5,M 150,LAYER-4,4,,1813,APPROVED AS NOTED,DONE,2,EIDG,3,,,
353,Tuesday,01-09-26,64672,36, Al Anoud Al Arabia ,DPL,31-08-26,,,48.77,Fill,C-A,BH-15-5,M 150-151-152,LAYER-5,4,,1834,APPROVED AS NOTED,DONE,2,EIDG,1,,,
354,Tuesday,01-09-26,64705,36, Al Anoud Al Arabia ,PLATE LOAD,31-08-26,,,,Fill,C-A,BH-15-5,M 150-151-152,49.6,1,,,APPROVED AS NOTED,DONE,6,CEDC,1,,,
355,Tuesday,01-09-26,64703,36, Al Anoud Al Arabia ,PLATE LOAD,31-08-26,,,,Fill,C-A,BH-15-5,M 150-151-152,49.6,1,,,APPROVED AS NOTED,DONE,6,CEDC,1,,,
356,Tuesday,01-09-26,64620,36, Al Anoud Al Arabia ,DPL,30-08-26,,,46.996,Fill,C-A,BH-15-5,M 160,LAYER-3,4,,1833,APPROVED AS NOTED,DONE,2,EIDG,2,,,
357,Tuesday,01-09-26,64614,36, Al Anoud Al Arabia ,DPL,30-08-26,,,48.882,Fill,C-A,BH-15-5,M 158,LAYER-2,3,,1561,APPROVED AS NOTED,DONE,2,EIDG,2,,,
358,Tuesday,01-09-26,64626,36, Elhorya ,DPL,30-08-26,,,46.59,Fill,C-A,BH-10-4,M 88,LAYER-3,2,,918,APPROVED AS NOTED,DONE,2,EIDG,2,,,
359,Tuesday,01-09-26,64625,36, Elhorya ,DPL,30-08-26,,,51.363,Fill,C-A,BH-10-4,M 87,LAYER-1,4,,1882,APPROVED AS NOTED,DONE,2,EIDG,2,,,
360,Tuesday,01-09-26,64733,36, Elhorya ,DPL,31-08-26,,,48.55,Fill,C-A,BH-10-4,M 89-94-95-100,LAYER-4,9,,4463,APPROVED AS NOTED,DONE,2,EIDG,1,,,
361,Tuesday,01-09-26,64623,36, Elhorya ,DPL,30-08-26,,,45.91,Fill,C-A,BH-10-4,M 86,LAYER-1,3,,1192,APPROVED AS NOTED,DONE,2,EIDG,2,,,
362,Tuesday,01-09-26,64627,36, Elhorya ,DPL,30-08-26,,,48.065,Fill,C-A,BH-10-4,M 81,LAYER-1,2,,99,APPROVED AS NOTED,DONE,2,EIDG,2,,,
363,Tuesday,01-09-26,64631,36, Fayek Office ,DPL,30-08-26,,,50.26,Fill,C-A,BH-10-1,M 95,LAYER-3,3,,1507,APPROVED AS NOTED,DONE,2,EIDG,2,,,
364,Tuesday,01-09-26,64652,36, Fayek Office ,DPL,31-08-26,,,48.78,Fill,C-A,BH-10-1,M 95,LAYER-4,3,,1507,APPROVED AS NOTED,DONE,2,EIDG,1,,,
365,Tuesday,01-09-26,64653,36, Fayek Office ,DPL,31-08-26,,,48.29,Fill,C-A,BH-10-1,M 90,LAYER-5,5,,2177,APPROVED AS NOTED,DONE,2,EIDG,1,,,
366,Tuesday,01-09-26,64679,36, Karim Salam ,DPL,31-08-26,,,45.24,Fill,C-A,BH-14-2,M 89-186-187,LAYER-4,7,,3134,APPROVED AS NOTED,DONE,2,EIDG,1,,,
367,Tuesday,01-09-26,64678,36, Karim Salam ,DPL,31-08-26,,,44.838,Fill,C-A,BH-14-2,M 183,LAYER-1,5,,2641,APPROVED AS NOTED,DONE,2,EIDG,1,,,
368,Tuesday,01-09-26,64719,36, Mohamed Oraby ,PLATE LOAD,31-08-26,,,,Fill,C-A,BH-14-4,M 138-144,47.6,1,,,APPROVED AS NOTED,DONE,3,BONYAN MISR,1,,,
369,Tuesday,01-09-26,64701,36, Mohamed Oraby ,PLATE LOAD,31-08-26,,,,Fill,C-A,BH-14-4,M 138-144,47.6,1,,,APPROVED AS NOTED,DONE,3,BONYAN MISR,1,,,
370,Tuesday,01-09-26,64668,36, Al Alamiya ,DPL,31-08-26,,,48.33,Fill,C-A,BH-14-5,M 150,LAYER-2,4,,1791,APPROVED AS NOTED,DONE,2,EIDG,1,,,
371,Wednesday,02-09-26,64798,36, Al Alamiya ,PLATE LOAD,01-09-26,,,,Fill,C-A,BH-14-5,M 143,48.1,1,,,APPROVED AS NOTED,DONE,6,CEDC,1,,,
372,Wednesday,02-09-26,64797,36, Al Alamiya ,PLATE LOAD,01-09-26,,,,Fill,C-A,BH-14-5,M 143,48.1,1,,,APPROVED AS NOTED,DONE,6,CEDC,1,,,
373,Tuesday,01-09-26,64658,36, Al Alamiya ,DPL,31-08-26,,,48.25,Fill,C-A,BH-14-5,M 143,LAYER-6,6,,2688,APPROVED AS NOTED,DONE,2,EIDG,1,,,
374,Wednesday,02-09-26,64768,36, Al Amal ,DPL,01-09-26,,,52,Fill,C-A,BH-11-1,M 93,LAYER-1,2,,875,APPROVED AS NOTED,DONE,2,EIDG,1,,,
375,Wednesday,02-09-26,64787,36, Al Amal ,DPL,01-09-26,,,45.95,Fill,C-A,BH-11-1,M 105,LAYER-1,4,,1934,APPROVED AS NOTED,DONE,2,EIDG,1,,,
376,Tuesday,01-09-26,64725,36, EL Nessr El Araby ,PLATE LOAD,31-08-26,,,,Fill,C-A,BH-13-4,M 134,44.75,1,,,APPROVED AS NOTED,DONE,6,CEDC,1,,,
377,Tuesday,01-09-26,64726,36, EL Nessr El Araby ,PLATE LOAD,31-08-26,,,,Fill,C-A,BH-13-4,M 134,44.75,1,,,APPROVED AS NOTED,DONE,6,CEDC,1,,,
378,Wednesday,02-09-26,64805,36, EL Nessr El Araby ,PLATE LOAD,01-09-26,,,,Fill,C-A,BH-13-4,M 191-194-195,44.75,1,,,APPROVED AS NOTED,DONE,5,CEL,1,,,
379,Wednesday,02-09-26,64806,36, EL Nessr El Araby ,PLATE LOAD,01-09-26,,,,Fill,C-A,BH-13-4,M 191-194-195,44.75,1,,,APPROVED AS NOTED,DONE,6,CEDC,1,,,
380,Wednesday,02-09-26,64802,36, EL Nessr El Araby ,PLATE LOAD,01-09-26,,,,Fill,C-A,BH-13-4,M 191-194-195,44.75,1,,,APPROVED AS NOTED,DONE,6,CEDC,1,,,
381,Tuesday,01-09-26,64802,36, EL Nessr El Araby ,DPL,30-08-26,,,50.11,Fill,C-A,BH-13-4,M 194-195,LAYER-11,8,,4072,APPROVED AS NOTED,DONE,2,EIDG,2,,,
382,Wednesday,02-09-26,64743,36, Saad Sheita ,DPL,01-09-26,,,52.04,Fill,C-A,BH-9-1,M 70,LAYER-6,2,,98,APPROVED AS NOTED,DONE,2,EIDG,1,,,
383,Wednesday,02-09-26,64745,36, Saad Sheita ,DPL,01-09-26,,,47.12,Fill,C-A,BH-8-3,M 70,LAYER-6,2,,41,APPROVED AS NOTED,DONE,2,EIDG,1,,,
384,Tuesday,01-09-26,64660,36, Saad Sheita ,DPL,31-08-26,,,49.42,Fill,C-A,BH-9-1,M 70,LAYER-5,2,,98,APPROVED AS NOTED,DONE,2,EIDG,1,,,
385,Tuesday,01-09-26,64661,36, Saad Sheita ,DPL,31-08-26,,,43.7,Fill,C-A,BH-8-3,M 70,LAYER-5,2,,41,APPROVED AS NOTED,DONE,2,EIDG,1,,,
386,Tuesday,01-09-26,64612,36, EL Gharably ,DPL,30-08-26,,,49.62,Fill,C-A,BH-12-1,M 102,LAYER-2,2,,885,APPROVED AS NOTED,DONE,2,EIDG,2,,,
387,Wednesday,02-09-26,64764,36, EL Gharably ,DPL,01-09-26,,,44.78,Fill,C-A,BH-12-1,M 101,LAYER-1,2,,1024,APPROVED AS NOTED,DONE,2,EIDG,1,,,
388,Wednesday,02-09-26,64763,36, EL Gharably ,DPL,01-09-26,,,47.71,Fill,C-A,BH-12-1,M 197,LAYER-3,4,,1772,APPROVED AS NOTED,DONE,2,EIDG,1,,,
389,Tuesday,01-09-26,64611,36, EL Gharably ,DPL,30-08-26,,,47.7,Fill,C-A,BH-12-1,M 197,LAYER-2,4,,1730,APPROVED AS NOTED,DONE,2,EIDG,2,,,
390,Wednesday,02-09-26,64778,36, EL Gharably ,DPL,01-09-26,,,45.14,Fill,C-A,BH-12-1,M 111,LAYER-4,2,,754,APPROVED AS NOTED,DONE,2,EIDG,1,,,
391,Tuesday,01-09-26,64691,36, EL Gharably ,PLATE LOAD,01-09-26,,,,Fill,C-A,BH-12-1,M 113-114,36,1,,,REVISE,DONE,6,CEDC,0,,,
392,Tuesday,01-09-26,64692,36, EL Gharably ,PLATE LOAD,31-08-26,,,,Fill,C-A,BH-12-1,M 113-114,36,1,,,APPROVED AS NOTED,DONE,6,CEDC,1,,,
393,Tuesday,01-09-26,64709,36, EL Gharably ,PLATE LOAD,31-08-26,,,,Fill,C-A,BH-12-1,M 113-114,36,1,,,APPROVED AS NOTED,DONE,6,CEDC,1,,,
394,Wednesday,02-09-26,64765,36, EL Gharably ,DPL,01-09-26,,,50.52,Fill,C-A,BH-12-1,M 106,LAYER-4,3,,1532,APPROVED AS NOTED,DONE,2,EIDG,1,,,
395,Tuesday,01-09-26,64634,36, EL Gharably ,DPL,30-08-26,,,50.82,Fill,C-A,BH-12-1,M 106,LAYER-3,5,,2330,APPROVED AS NOTED,DONE,2,EIDG,2,,,
396,Wednesday,02-09-26,64780,36, EL Gharably ,DPL,01-09-26,,,49.27,Fill,C-A,BH-12-1,M 107,LAYER-1,4,,1887,APPROVED AS NOTED,DONE,2,EIDG,1,,,
397,Wednesday,02-09-26,64789,36, EL Gharably ,DPL,01-09-26,,,50.64,Fill,C-A,BH-12-1,M 108,LAYER-2,3,,1368,APPROVED AS NOTED,DONE,2,EIDG,1,,,
398,Tuesday,01-09-26,64637,36, EL Gharably ,DPL,30-08-26,,,49.29,Fill,C-A,BH-12-1,M 108,LAYER-1,2,,1024,APPROVED AS NOTED,DONE,2,EIDG,2,,,
399,Tuesday,01-09-26,64629,36, Orascom ,DPL,30-08-26,,,53.29,Fill,C-A,BH-1,M 37,LAYER-9,2,,1075,APPROVED AS NOTED,DONE,2,EIDG,2,,,
400,Tuesday,01-09-26,64604,36, Orascom ,DPL,30-08-26,,,43.47,Fill,C-A,BH-1,M 61,LAYER-6,2,,1004,APPROVED AS NOTED,DONE,2,EIDG,2,,,
401,Tuesday,01-09-26,64654,36, Orascom ,DPL,31-08-26,,,48.73,Fill,C-A,BH-1,M 37,LAYER-10,2,,1051,APPROVED AS NOTED,DONE,2,EIDG,1,,,
402,Wednesday,02-09-26,64721,36, Orascom ,PLATE LOAD,01-09-26,,,,Fill,C-A,BH-1,M 37,30,1,,,APPROVED AS NOTED,DONE,3,BONYAN MISR,1,,,
403,Tuesday,01-09-26,64730,36, Orascom ,PLATE LOAD,01-09-26,,,,Fill,C-A,BH-1,M 37,30,1,,,APPROVED AS NOTED,DONE,5,CEL,0,,,
404,Wednesday,02-09-26,64769,36, Orascom ,DPL,01-09-26,,,51.25,Fill,C-A,BH-1,M 52,LAYER-11,3,,1066,APPROVED AS NOTED,DONE,2,EIDG,1,,,
405,Tuesday,01-09-26,64650,36, Orascom ,DPL,31-08-26,,,44.4,Fill,C-A,BH-1,M 41,LAYER-11,3,,1066,APPROVED AS NOTED,DONE,2,EIDG,1,,,
406,Tuesday,01-09-26,64648,36, Orascom ,DPL,31-08-26,,,49.28,Fill,C-A,BH-1,M 45,LAYER-11,2,,1051,APPROVED AS NOTED,DONE,2,EIDG,1,,,
407,Tuesday,01-09-26,64651,36, Orascom ,DPL,31-08-26,,,50.97,Fill,C-A,BH-1,M 33,LAYER-10,2,,151,APPROVED AS NOTED,DONE,2,EIDG,1,,,
408,Tuesday,01-09-26,64643,36, Orascom ,DPL,30-08-26,,,47.96,Fill,C-A,BH-1,M 33,LAYER-9,2,,165,APPROVED AS NOTED,DONE,2,EIDG,2,,,
409,Tuesday,01-09-26,64731,36, Orascom ,PLATE LOAD,01-09-26,,,,Fill,C-A,BH-1,M 33,30,1,,,APPROVED AS NOTED,DONE,3,BONYAN MISR,0,,,
410,Wednesday,02-09-26,64803,36, Orascom ,PLATE LOAD,01-09-26,,,,Fill,C-A,BH-1,M 64,29.35,1,,,APPROVED AS NOTED,DONE,5,CEL,1,,,
411,Wednesday,02-09-26,64786,36, Orascom ,DPL,01-09-26,,,46.96,Fill,C-A,BH-1,M 49,LAYER-12,3,,1077,APPROVED AS NOTED,DONE,2,EIDG,1,,,
412,Wednesday,02-09-26,64757,36, Cleopatra ,DPL,01-09-26,,,50.81,Fill,C-A,BH-12-3,M 130-131,LAYER-2,2,,973,APPROVED AS NOTED,DONE,2,EIDG,1,,,
413,Tuesday,01-09-26,64665,36, Cleopatra ,DPL,31-08-26,,,48.57,Fill,C-A,BH-12-3,M 196,LAYER-1,4,,2013,APPROVED AS NOTED,DONE,2,EIDG,1,,,
414,Wednesday,02-09-26,64761,36, Cleopatra ,DPL,01-09-26,,,46.57,Fill,C-A,BH-12-3,M 197-198,LAYER-9,2,,1093,APPROVED AS NOTED,DONE,2,EIDG,1,,,
415,Tuesday,01-09-26,64608,36, Cleopatra ,DPL,30-08-26,,,42.79,Fill,C-A,BH-12-3,M 197-198,LAYER-8,3,,1247,APPROVED AS NOTED,DONE,2,EIDG,2,,,
416,Wednesday,02-09-26,64793,36, Cleopatra ,PLATE LOAD,31-08-26,,,,Fill,C-A,BH-12-3,M 106-111-195,41.85,1,,1421,APPROVED AS NOTED,DONE,3,BONYAN MISR,2,,,
417,Tuesday,01-09-26,64667,36, Cleopatra ,DPL,31-08-26,,,43,Fill,C-A,BH-12-3,M 106-111-195,LAYER-5,3,,1421,APPROVED AS NOTED,DONE,2,EIDG,1,,,
418,Tuesday,01-09-26,64607,36, Cleopatra ,DPL,30-08-26,,,50.48,Fill,C-A,BH-12-3,M 106-111-195,LAYER-4,3,,1423,APPROVED AS NOTED,DONE,2,EIDG,2,,,
419,Tuesday,01-09-26,64724,36, Cleopatra ,PLATE LOAD,31-08-26,,,,Fill,C-A,BH-12-3,M 106-111-195,41.85,1,,1421,APPROVED AS NOTED,DONE,3,BONYAN MISR,1,,,
420,Tuesday,01-09-26,64676,36, EL-Hoda ,DPL,31-08-26,,,53.64,Fill,C-A,BH-13-3,M 186,LAYER-2,2,,252,APPROVED AS NOTED,DONE,2,EIDG,1,,,
421,Tuesday,01-09-26,64671,36, EL-Hoda ,DPL,31-08-26,,,50.89,Fill,C-A,BH-13-3,M 186,LAYER-1,2,,252,APPROVED AS NOTED,DONE,2,EIDG,1,,,
422,Tuesday,01-09-26,64677,36, EL-Hoda ,DPL,31-08-26,,,46.59,Fill,C-A,BH-13-3,M 187,LAYER-2,2,,164,APPROVED AS NOTED,DONE,2,EIDG,1,,,
423,Tuesday,01-09-26,64669,36, EL-Hoda ,DPL,31-08-26,,,43.3,Fill,C-A,BH-13-3,M 187,LAYER-1,2,,161,APPROVED AS NOTED,DONE,2,EIDG,1,,,
424,Tuesday,01-09-26,64680,36, EL-Hoda ,DPL,31-08-26,,,45.72,Fill,C-A,BH-13-3,M 115-190-193,LAYER-9,7,,3135,APPROVED AS NOTED,DONE,2,EIDG,1,,,
425,Tuesday,01-09-26,64633,36, EL-Hoda ,DPL,30-08-26,,,47,Fill,C-A,BH-13-3,M 115-190-193,LAYER-8,7,,3207,APPROVED AS NOTED,DONE,2,EIDG,2,,,
426,Tuesday,01-09-26,64638,36, EL-Hoda ,DPL,30-08-26,,,50.81,Fill,C-A,BH-13-3,M 189,LAYER-1,4,,2024,APPROVED AS NOTED,DONE,2,EIDG,2,,,
427,Wednesday,02-09-26,64749,36, EL-Hoda ,DPL,01-09-26,,,47.39,Fill,C-A,BH-13-3,M 191-192-195,LAYER-8,8,,3813,APPROVED AS NOTED,DONE,2,EIDG,1,,,
428,Tuesday,01-09-26,64666,36, EL-Hoda ,DPL,31-08-26,,,47.88,Fill,C-A,BH-13-3,M 191-192-195,LAYER-7,7,,3687,APPROVED AS NOTED,DONE,2,EIDG,1,,,
429,Tuesday,01-09-26,64636,36, EL-Hoda ,DPL,30-08-26,,,47.45,Fill,C-A,BH-13-3,M 191-192-195,LAYER-6,8,,3693,APPROVED AS NOTED,DONE,2,EIDG,2,,,
430,Wednesday,02-09-26,64756,36, Inshaa ,DPL,01-09-26,,,48.8,Fill,C-A,BH-9-3,M 78,LAYER-1,2,,1071,APPROVED AS NOTED,DONE,2,EIDG,1,,,
431,Wednesday,02-09-26,64754,36, Inshaa ,DPL,01-09-26,,,48,Fill,C-A,BH-9-3,M 83,LAYER-2,2,,487,APPROVED AS NOTED,DONE,2,EIDG,1,,,
432,Wednesday,02-09-26,64771,36, Inshaa ,DPL,01-09-26,,,48.61,Fill,C-A,BH-9-3,M 83,LAYER-2,4,,2016,APPROVED AS NOTED,DONE,2,EIDG,1,,,
433,Wednesday,02-09-26,64773,36, Inshaa ,DPL,01-09-26,,,47.65,Fill,C-A,BH-10-2,M 84-88-89,LAYER-4,5,,2330,APPROVED AS NOTED,DONE,2,EIDG,1,,,
434,Tuesday,01-09-26,64647,36, Inshaa ,DPL,31-08-26,,,49,Fill,C-A,BH-10-2,M 84-89,LAYER-3,2,,769,APPROVED AS NOTED,DONE,2,EIDG,1,,,
435,Wednesday,02-09-26,64753,36, Inshaa ,DPL,01-09-26,,,52.8,Fill,C-A,BH-9-3,M 84-79,LAYER-3,2,,863,APPROVED AS NOTED,DONE,2,EIDG,1,,,
436,Tuesday,01-09-26,64605,36, Mokhtar EL-Shenawy ,DPL,30-08-26,,,49,Fill,C-A,BH-8-3,M 72-76,LAYER-5,8,,4077,APPROVED AS NOTED,DONE,2,EIDG,2,,,
437,Tuesday,01-09-26,64715,36, Mokhtar EL-Shenawy ,PLATE LOAD,30-08-26,,,,Fill,C-A,BH-8-3,M 72-76,33,1,,,REVISE,DONE,6,CEDC,2,,,
438,Tuesday,01-09-26,64714,36, Mokhtar EL-Shenawy ,PLATE LOAD,30-08-26,,,,Fill,C-A,BH-8-3,M 72-76,33,1,,,APPROVED AS NOTED,DONE,6,CEDC,2,,,
439,Tuesday,01-09-26,64699,36, Mokhtar EL-Shenawy ,PLATE LOAD,30-08-26,,,,Fill,C-A,BH-8-3,M 72-76,33,1,,,REVISE,DONE,6,CEDC,2,,,
440,Wednesday,02-09-26,64755,36, Mokhtar EL-Shenawy ,DPL,01-09-26,,,49.19,Fill,C-A,BH-8-3,M 68-71-75,LAYER-4,8,,3635,APPROVED AS NOTED,DONE,2,EIDG,1,,,
441,Tuesday,01-09-26,64663,36, Mokhtar EL-Shenawy ,DPL,31-08-26,,,47,Fill,C-A,BH-8-3,M 68-71-75,LAYER-3,8,,3688,APPROVED AS NOTED,DONE,2,EIDG,1,,,
442,Tuesday,01-09-26,64628,36, Mokhtar EL-Shenawy ,DPL,30-08-26,,,46.599,Fill,C-A,BH-8-3,M 71-83,LAYER-1,5,,2571,APPROVED AS NOTED,DONE,2,EIDG,2,,,
443,Tuesday,01-09-26,64601,36, Mokhtar EL-Shenawy ,DPL,30-08-26,,,49.388,Fill,C-A,BH-8-3,M 70,LAYER-1,4,,1924,APPROVED AS NOTED,DONE,2,EIDG,2,,,
444,Tuesday,01-09-26,64644,36, Mokhtar EL-Shenawy ,DPL,31-08-26,,,48.944,Fill,C-A,BH-8-3,M 67-70,LAYER-6,7,,3591,APPROVED AS NOTED,DONE,2,EIDG,1,,,
445,Tuesday,01-09-26,64711,36, Mokhtar EL-Shenawy ,PLATE LOAD,30-08-26,,,,Fill,C-A,BH-9-1,M 76-80-85,33,1,,,APPROVED AS NOTED,DONE,6,CEDC,2,,,
446,Tuesday,01-09-26,64716,36, Mokhtar EL-Shenawy ,PLATE LOAD,30-08-26,,,,Fill,C-A,BH-9-1,M 76-80-85,33,1,,,APPROVED AS NOTED,DONE,6,CEDC,2,,,
447,Tuesday,01-09-26,64700,36, Mokhtar EL-Shenawy ,PLATE LOAD,30-08-26,,,,Fill,C-A,BH-9-1,M 76-80-85,33,1,,,APPROVED AS NOTED,DONE,6,CEDC,2,,,
448,Tuesday,01-09-26,64606,36, Mokhtar EL-Shenawy ,DPL,30-08-26,,,50.49,Fill,C-A,BH-9-1,M 76-80-85,LAYER-5,9,,4283,APPROVED AS NOTED,DONE,2,EIDG,2,,,
449,Tuesday,01-09-26,64632,36, Mokhtar EL-Shenawy ,DPL,30-08-26,,,48.69,Fill,C-A,BH-9-1,M 75-79-84,LAYER-5,9,,4159,APPROVED AS NOTED,DONE,2,EIDG,2,,,
450,Wednesday,02-09-26,64792,36, Mokhtar EL-Shenawy ,DPL,01-09-26,,,45.14,Fill,C-A,BH-9-1,M 75-79-84,LAYER-6,9,,4133,APPROVED AS NOTED,DONE,2,EIDG,1,,,
451,Tuesday,01-09-26,64590,36, Mokhtar EL-Shenawy ,DPL,30-08-26,,,49.14,Fill,C-A,BH-9-1,M 70,LAYER-3,2,,660,APPROVED AS NOTED,DONE,2,EIDG,2,,,
452,Tuesday,01-09-26,64645,36, Mokhtar EL-Shenawy ,DPL,31-08-26,,,47.11,Fill,C-A,BH-9-1,M 70,LAYER-4,2,,668,APPROVED AS NOTED,DONE,2,EIDG,1,,,
453,Wednesday,02-09-26,64784,36, Mohamed Oraby ,DPL,01-09-26,,,51.41,Fill,C-A,BH-14-4,M 146,LAYER-6,4,,1891,APPROVED AS NOTED,DONE,2,EIDG,1,,,
454,Tuesday,01-09-26,64694,36, Mohamed Oraby ,PLATE LOAD,31-08-26,,,,Fill,C-A,BH-14-4,M 146,45.4,1,,1872,APPROVED AS NOTED,DONE,5,CEL,1,,,
455,Tuesday,01-09-26,64613,36, Mohamed Oraby ,DPL,30-08-26,,,46.6,Fill,C-A,BH-14-4,M 146,LAYER-5,4,,1871,APPROVED AS NOTED,DONE,2,EIDG,2,,,
456,Tuesday,01-09-26,64707,36, Mohamed Oraby ,PLATE LOAD,31-08-26,,,,Fill,C-A,BH-14-4,M 146,45.4,1,,1872,APPROVED AS NOTED,DONE,3,BONYAN MISR,1,,,
457,Wednesday,02-09-26,64777,36, Mohamed Oraby ,DPL,01-09-26,,,44.75,Fill,C-A,BH-14-4,M 152,LAYER-1,2,,727,APPROVED AS NOTED,DONE,2,EIDG,1,,,
458,Wednesday,02-09-26,64775,36, Mohamed Oraby ,DPL,01-09-26,,,45.18,Fill,C-A,BH-14-4,M 138-144,LAYER-9,3,,1121,APPROVED AS NOTED,DONE,2,EIDG,1,,,
459,Tuesday,01-09-26,64656,36, Mohamed Oraby ,DPL,31-08-26,,,43.27,Fill,C-A,BH-14-4,M 138-144,LAYER-8,2,,1060,APPROVED AS NOTED,DONE,2,EIDG,1,,,
460,Tuesday,01-09-26,64603,36, Mohamed Oraby ,DPL,30-08-26,,,48.57,Fill,C-A,BH-14-4,M 138-144,LAYER-7,2,,1031,APPROVED AS NOTED,DONE,2,EIDG,2,,,
461,Tuesday,01-09-26,64664,36, Mecca ,DPL,31-08-26,,,47.24,Fill,C-A,BH-11-3,M 91-96-199,LAYER-7,8,,3253,APPROVED AS NOTED,DONE,2,EIDG,1,,,
462,Wednesday,02-09-26,64781,36, Mecca ,DPL,01-09-26,,,47.53,Fill,C-A,BH-11-3,M 102,LAYER-7,2,,573,APPROVED AS NOTED,DONE,2,EIDG,1,,,
463,Wednesday,02-09-26,64779,36, Mecca ,DPL,01-09-26,,,47.35,Fill,C-A,BH-11-3,M 96-97-98-103,LAYER-8,6,,2818,APPROVED AS NOTED,DONE,2,EIDG,1,,,
464,Tuesday,01-09-26,64609,36, Mecca ,DPL,30-08-26,,,50.61,Fill,C-A,BH-11-3,M 96-97-98-103,LAYER-7,7,,3425,APPROVED AS NOTED,DONE,2,EIDG,2,,,
465,Wednesday,02-09-26,64788,36, Al Tawakkol ,DPL,01-09-26,,,46.51,Fill,C-A,BH-15-2,M 166,LAYER-1,6,,2870,APPROVED AS NOTED,DONE,2,EIDG,1,,,
466,Tuesday,01-09-26,64641,36, Al Thanaa ,DPL,30-08-26,,,49.35,Fill,C-A,BH-11-2,M 105,LAYER-6,2,,725,APPROVED AS NOTED,DONE,2,EIDG,2,,,
467,Tuesday,01-09-26,64695,36, Al Thanaa ,PLATE LOAD,31-08-26,,,,Fill,C-A,BH-11-2,M 105,33.75,1,,,APPROVED AS NOTED,DONE,6,CEDC,1,,,
468,Tuesday,01-09-26,64696,36, Al Thanaa ,PLATE LOAD,31-08-26,,,,Fill,C-A,BH-11-2,M 105,33.75,1,,,REVISE,DONE,6,CEDC,1,,,
469,Wednesday,02-09-26,64791,36, Al Thanaa ,DPL,01-09-26,,,46.988,Fill,C-A,BH-11-2,M 109,LAYER-3,2,,895,APPROVED AS NOTED,DONE,2,EIDG,1,,,
470,Tuesday,01-09-26,64639,36, Al Thanaa ,DPL,30-08-26,,,49.7,Fill,C-A,BH-11-2,M 110,LAYER-4,5,,2537,APPROVED AS NOTED,DONE,2,EIDG,2,,,
471,Tuesday,01-09-26,64697,36, Al Thanaa ,PLATE LOAD,31-08-26,,,,Fill,C-A,BH-11-2,M 110,33.75,1,,,APPROVED AS NOTED,DONE,6,CEDC,1,,,
472,Wednesday,02-09-26,64790,36, Al Thanaa ,DPL,01-09-26,,,48.46,Fill,C-A,BH-11-2,M 104,LAYER-4,3,,1623,APPROVED AS NOTED,DONE,2,EIDG,1,,,
473,Tuesday,01-09-26,64640,36, Al Thanaa ,DPL,30-08-26,,,48.53,Fill,C-A,BH-11-2,M 104,LAYER-3,3,,1579,APPROVED AS NOTED,DONE,2,EIDG,2,,,
474,Wednesday,02-09-26,64774,36, Kamal Al Salmy ,DPL,01-09-26,,,50.71,Fill,C-A,BH-12-2,M 115,LAYER-1,4,,1646,APPROVED AS NOTED,DONE,2,EIDG,1,,,
475,Wednesday,02-09-26,64776,36, Kamal Al Salmy ,DPL,01-09-26,,,46.81,Fill,C-A,BH-12-2,M 116,LAYER-1,4,,1679,APPROVED AS NOTED,DONE,2,EIDG,1,,,
476,Tuesday,01-09-26,64776,36, Abnaa Khalifa ,PLATE LOAD,30-08-26,,,,Fill,C-A,BH-13-5,M 135-138-139,46.1,1,,5471,APPROVED AS NOTED,DONE,3,BONYAN MISR,2,,,
477,Tuesday,01-09-26,64727,36, Abnaa Khalifa ,PLATE LOAD,31-08-26,,,,Fill,C-A,BH-13-5,M 138,46.1,1,,,APPROVED AS NOTED,DONE,6,CEDC,1,,,
478,Tuesday,01-09-26,64728,36, Abnaa Khalifa ,PLATE LOAD,31-08-26,,,,Fill,C-A,BH-13-5,M 135-138-139,46.1,1,,,APPROVED AS NOTED,DONE,6,CEDC,1,,,
479,Tuesday,01-09-26,64702,36, Abnaa Khalifa ,PLATE LOAD,30-08-26,,,,Fill,C-A,BH-13-5,M 135-138-139,46.1,1,,,REVISE,DONE,3,BONYAN MISR,2,,,
480,Tuesday,01-09-26,64713,36, Abnaa Khalifa ,PLATE LOAD,30-08-26,,,,Fill,C-A,BH-13-5,M 135-138-139,46.1,1,,,REVISE,DONE,3,BONYAN MISR,2,,,
481,Tuesday,01-09-26,64710,36, Abnaa Khalifa ,PLATE LOAD,31-08-26,,,,Fill,C-A,BH-13-5,M 135-138-139,46.1,1,,5471,REVISE,DONE,5,CEL,1,,,
482,Tuesday,01-09-26,64708,36, Abnaa Khalifa ,PLATE LOAD,30-08-26,,,,Fill,C-A,BH-13-5,M 135-138-139,46.1,1,,5471,REVISE,DONE,3,BONYAN MISR,2,,,
483,Tuesday,01-09-26,64655,36, Abnaa Khalifa ,DPL,31-08-26,,,47.22,Fill,C-A,BH-13-5,M 132-133,LAYER-5,9,,4118,APPROVED AS NOTED,DONE,2,EIDG,1,,,
484,Wednesday,02-09-26,64796,36, Abnaa Khalifa ,PLATE LOAD,01-09-26,,,,Fill,C-A,BH-13-5,M 132-133,45.75,1,,4118,APPROVED AS NOTED,DONE,3,BONYAN MISR,1,,,
485,Wednesday,02-09-26,64795,36, Abnaa Khalifa ,PLATE LOAD,01-09-26,,,,Fill,C-A,BH-13-5,M 132-133,45.75,1,,4118,APPROVED AS NOTED,DONE,3,BONYAN MISR,1,,,
486,Wednesday,02-09-26,64742,36, Abnaa Khalifa ,DPL,01-09-26,,,50.58,Fill,C-A,BH-13-5,M 136,LAYER-4,5,,2325,APPROVED AS NOTED,DONE,2,EIDG,1,,,
487,Wednesday,02-09-26,64782,36, Abnaa Khalifa ,SOIL,01-09-26,A-2-4,29.20%,,Bottom of excavation,C-A,BH-13-5,M 140,LAYER-0,1,Sieve analysis,,APPROVED AS NOTED,DONE,2,EIDG,1,,,
488,Wednesday,02-09-26,64782,36, Abnaa Khalifa ,DPL,01-09-26,,,47.64,Bottom of excavation,C-A,BH-13-5,M 140,LAYER-0,2,,644,APPROVED AS NOTED,DONE,2,EIDG,1,,,
489,Tuesday,01-09-26,64617,36, Al Qahira ,DPL,30-08-26,,,51,Fill,C-A,BH-14-1,M 184,LAYER-2,5,,2165,APPROVED AS NOTED,DONE,2,EIDG,2,,,
490,Wednesday,02-09-26,64770,36, Al Qahira ,DPL,01-09-26,,,48.21,Fill,C-A,BH-14-1,M 181,LAYER-2,4,,1642,APPROVED AS NOTED,DONE,2,EIDG,1,,,
491,Tuesday,01-09-26,64619,36, Al Qahira ,DPL,30-08-26,,,51.69,Fill,C-A,BH-14-1,M 181,LAYER-1,3,,1642,APPROVED AS NOTED,DONE,2,EIDG,2,,,
492,Wednesday,02-09-26,64785,36, Al Qahira ,DPL,01-09-26,,,45.98,Fill,C-A,BH-14-1,M 127,LAYER-1,5,,2346,APPROVED AS NOTED,DONE,2,EIDG,1,,,
493,Tuesday,01-09-26,64670,36, Al Qahira ,DPL,31-08-26,,,44.47,Fill,C-A,BH-14-1,M 124,LAYER-4,4,,2025,APPROVED AS NOTED,DONE,2,EIDG,1,,,
494,Tuesday,01-09-26,64618,36, Al Qahira ,DPL,30-08-26,,,46.68,Fill,C-A,BH-14-1,M 124,LAYER-3,4,,2025,APPROVED AS NOTED,DONE,2,EIDG,2,,,
495,Tuesday,01-09-26,64598,36, Al Qahira ,DPL,30-08-26,,,46.8,Fill,C-A,BH-14-1,M 124,LAYER-2,4,,1860,APPROVED AS NOTED,DONE,2,EIDG,2,,,
496,Tuesday,01-09-26,64594,36, Al Omraniya ,SOIL,30-08-26,A-4,51.00%,,Bottom of excavation,C-A,BH-14-3,M 156,,1,Sieve analysis,,APPROVED AS NOTED,DONE,2,EIDG,2,,,
497,Tuesday,01-09-26,64674,36, Al Omraniya ,DPL,31-08-26,,,48.54,Fill,C-A,BH-14-3,M 146-147,LAYER-2,8,,3588,APPROVED AS NOTED,DONE,2,EIDG,1,,,
498,Wednesday,02-09-26,64750,36, Al Omraniya ,DPL,01-09-26,,,46.37,Fill,C-A,BH-14-3,M 146-147,LAYER-3,8,,3775,APPROVED AS NOTED,DONE,2,EIDG,1,,,
