No,Day,Date( SUB),serial,Battalion,Company Name,Test Type,Date ( test),Classification,#200,AVERAGE VALUE,Sampling Location,Zone,ELMENT,BUILDING,Station,Direction,layer ,Number of Tests,Performed Test ,Area(m2),sample status,Document Status,NUM. OF PAGES,Done BY,DURATION,Company ,Executed Quantity,Required Quantity
0,Sunday,06-09-26,64813,36, Saad Sheita ,DPL,05-09-26,,,48.108,Fill,C-A,RD-01,,7+200 : 7+250,R+L,LAYER-7,5,,2545,APPROVED AS NOTED,DONE,2,EIDG,1,,,
1,Sunday,06-09-26,64812,36, Benaa ,DPL,05-09-26,,,45.88,Fill,C-A,RD-01,,6+490 : 6+540,R+L,LAYER-7,3,,1221,APPROVED AS NOTED,DONE,2,EIDG,1,,,
2,Sunday,06-09-26,90017,36, EL-Nada EL-Saadany ,DPL,06-09-26,,,52.023,Fill,C-A,RD-01,,6+720 : 6+770,R+L,LAYER-7,5,,2651,APPROVED AS NOTED,DONE,2,EIDG,0,,,
3,Sunday,06-09-26,64831,36, EL-Nada EL-Saadany ,DPL,03-09-26,,,50.61,Fill,C-A,RD-01,,6+720 : 6+770,R+L,LAYER-6,5,,2526,APPROVED AS NOTED,DONE,2,EIDG,3,,,
4,Sunday,06-09-26,64902,36, EL-Nada EL-Saadany ,DPL,03-09-26,,,51.04,Fill,C-A,RD-01,,6+720 : 6+770,R+L,LAYER-6,5,,2526,APPROVED AS NOTED,DONE,2,EIDG,3,,,
5,Sunday,06-09-26,90047,36, Orascom ,DPL,06-09-26,,,47.78,Fill,C-A,RD-01,,7+740 : 7+800,R+L,LAYER-11,6,,2834,APPROVED AS NOTED,DONE,2,EIDG,0,,,
6,Sunday,06-09-26,90047,36, Orascom ,DPL,03-09-26,,,46.097,Fill,C-A,RD-01,,7+740 : 7+800,R+L,LAYER-10,6,,2794,APPROVED AS NOTED,DONE,2,EIDG,3,,,
7,Sunday,06-09-26,90020,36, Abnaa Mohamed Badawy ,DPL,06-09-26,,,44.43,Fill,C-A,RD-01,,7+365 : 7+380,R+L,LAYER-6,2,,677,APPROVED AS NOTED,DONE,2,EIDG,0,,,
8,Sunday,06-09-26,64886,36, Abnaa Mohamed Badawy ,DPL,03-09-26,,,46.34,Fill,C-A,RD-01,,7+365 : 7+380,R+L,LAYER-5,2,,649,APPROVED AS NOTED,DONE,2,EIDG,3,,,
9,Sunday,06-09-26,90053,36, EL-Batal ,DPL,06-09-26,,,49.014,Fill,C-A,RD-01,,5+980 : 6+060,R+L,LAYER-4,7,,3384,APPROVED AS NOTED,DONE,2,EIDG,0,,,
10,Sunday,06-09-26,64883,36, EL-Batal ,DPL,03-09-26,,,50.35,Fill,C-A,RD-01,,5+990 : 6+060,R+L,LAYER-3,6,,2941,APPROVED AS NOTED,DONE,2,EIDG,3,,,
11,Sunday,06-09-26,90039,36, EL-Nada EL-Saadany ,DPL,06-09-26,,,48.38,Fill,C-A,RD-01,,6+600 : 6+660,R+L,LAYER-6,6,,3020,APPROVED AS NOTED,DONE,2,EIDG,0,,,
12,Sunday,06-09-26,64962,36, Orascom ,PLATE LOAD,02-09-26,,,,Fill,C-A,RD-01,,7+500 : 7+660,R+L,29.52,1,,,APPROVED AS NOTED,DONE,6,CEDC,4,,,
13,Sunday,06-09-26,64817,36, EL-Batal ,SOIL,04-09-26,A-2-4,26.80%,,Bottom of excavation,C-A,RD-01,,6+320 : 6+350,R+L,,1,Sieve analysis,1421,APPROVED AS NOTED,DONE,2,EIDG,2,,,
14,Sunday,06-09-26,64844,36, Benaa ,DPL,04-09-26,,,47.167,Fill,C-A,RD-01,,6+490 : 6+540,R+L,LAYER-7,3,,1112,APPROVED AS NOTED,DONE,2,EIDG,2,,,
15,Sunday,06-09-26,90026,36, MTR for Import ,DPL,06-09-26,,,50.023,Fill,C-A,RD-01,,6+970 : 7+040,R+L,LAYER-10,8,,3954,APPROVED AS NOTED,DONE,2,EIDG,0,,,
16,Sunday,06-09-26,64868,36, MTR for Import ,DPL,03-09-26,,,47.55,Fill,C-A,RD-01,,6+970 : 7+040,R+L,LAYER-9,8,,3928,APPROVED AS NOTED,DONE,2,EIDG,3,,,
17,Sunday,06-09-26,64987,36, EL-Nada EL-Saadany ,PLATE LOAD,02-09-26,,,,Fill,C-A,RD-01,,6+600 : 6+690,R+L,45.52,1,,4078.03,APPROVED AS NOTED,DONE,3,BONYAN MISR,4,,,
18,Sunday,06-09-26,64984,36, EL-Nada EL-Saadany ,PLATE LOAD,02-09-26,,,,Fill,C-A,RD-01,,6+600 : 6+690,R+L,45.52,1,,4078.03,APPROVED AS NOTED,DONE,3,BONYAN MISR,4,,,
19,Sunday,06-09-26,90018,36, Sky Line ,DPL,06-09-26,,,53.89,Fill,C-A,RD-01,,6+450 : 6+470,R+L,LAYER-1,2,,933,APPROVED AS NOTED,DONE,2,EIDG,0,,,
20,Sunday,06-09-26,64901,36, Sky Line ,DPL,03-09-26,,,50.261,Fill,C-A,RD-01,,6+450 : 6+470,R+L,LAYER-1,2,,993,APPROVED AS NOTED,DONE,2,EIDG,3,,,
21,Sunday,06-09-26,90025,36, EL-Batal ,DPL,06-09-26,,,47.56,Fill,C-A,RD-01,,6+160 : 6+250,R+L,LAYER-3,8,,3948,APPROVED AS NOTED,DONE,2,EIDG,0,,,
22,Sunday,06-09-26,64822,36, EL-Batal ,SOIL,04-09-26,A-2-4,15.00%,,Bottom of excavation,C-A,RD-01,,6+250 : 6+320,R+L,,1,Sieve analysis,3155,APPROVED AS NOTED,DONE,2,EIDG,2,,,
23,Sunday,06-09-26,64815,36, EL-Batal ,DPL,05-09-26,,,47.52,Fill,C-A,RD-01,,7+120 : 7+200,R+L,LAYER-10,9,,4723,APPROVED AS NOTED,DONE,2,EIDG,1,,,
24,Sunday,06-09-26,64878,36, Orascom ,DPL,03-09-26,,,48.87,Fill,C-A,RD-01,,7+380 : 7+500,R+L,LAYER-7,9,,4331,APPROVED AS NOTED,DONE,2,EIDG,3,,,
25,Monday,07-09-26,90120,36, Orascom ,DPL,07-09-26,,,52.56,Fill,C-A,RD-01,,7+380 : 7+500,R+L,LAYER-8,9,,4402,APPROVED AS NOTED,DONE,2,EIDG,0,,,
26,Sunday,06-09-26,64959,36, Orascom ,PLATE LOAD,02-09-26,,,,Fill,C-A,RD-01,,7+500 : 7+660,R+L,29.52,1,,,APPROVED AS NOTED,DONE,6,CEDC,4,,,
27,Sunday,06-09-26,64960,36, Orascom ,PLATE LOAD,02-09-26,,,,Fill,C-A,RD-01,,7+500 : 7+660,R+L,29.52,1,,,APPROVED AS NOTED,DONE,6,CEDC,4,,,
28,Sunday,06-09-26,64961,36, Orascom ,PLATE LOAD,02-09-26,,,,Fill,C-A,RD-01,,7+500 : 7+660,R+L,29.52,1,,,APPROVED AS NOTED,DONE,6,CEDC,4,,,
29,Monday,07-09-26,90121,36, Orascom ,DPL,07-09-26,,,47.71,Fill,C-A,RD-01,,7+500 : 7+660,R+L,LAYER-12,12,,6344,APPROVED AS NOTED,DONE,2,EIDG,0,,,
30,Monday,07-09-26,90104,36, Sky Line ,DPL,07-09-26,,,48.07,Fill,C-A,RD-01,,6+350 : 7+420,R+L,LAYER-1,8,,3335,APPROVED AS NOTED,DONE,2,EIDG,0,,,
31,Monday,07-09-26,90103,36, Benaa ,DPL,07-09-26,,,41.42,Fill,C-A,RD-01,,6+540 : 6+580,R+L,LAYER-8,2,,997,APPROVED AS NOTED,DONE,2,EIDG,0,,,
32,Monday,07-09-26,64843,36, Benaa ,DPL,04-09-26,,,48.87,Fill,C-A,RD-01,,6+540 : 6+580,R+L,LAYER-7,2,,977,APPROVED AS NOTED,DONE,2,EIDG,3,,,
33,Sunday,06-09-26,64811,36, Benaa ,DPL,05-09-26,,,49.99,Fill,C-A,RD-01,,6+540 : 6+580,R+L,LAYER-7,2,,1022,APPROVED AS NOTED,DONE,2,EIDG,1,,,
34,Sunday,06-09-26,64832,36, Port Said West ,DPL,04-09-26,,,46.35,Fill,C-A,RD-01,,6+890 : 6+935,R+L,LAYER-13,5,,2407,APPROVED AS NOTED,DONE,2,EIDG,2,,,
35,Sunday,06-09-26,90041,36, Port Said West ,DPL,06-09-26,,,50.095,Fill,C-A,RD-01,,6+890 : 6+935,R+L,LAYER-14,5,,2485,APPROVED AS NOTED,DONE,2,EIDG,0,,,
36,Monday,07-09-26,90106,36, Port Said West ,DPL,07-09-26,,,47.019,Fill,C-A,RD-01,,6+890 : 6+935,R+L,LAYER-15,5,,2485,APPROVED AS NOTED,DONE,2,EIDG,0,,,
37,Monday,07-09-26,90106,36, Port Said West ,DPL,07-09-26,,,47.019,Fill,C-A,RD-01,,6+890 : 6+935,R+L,LAYER-15,5,,2531,APPROVED AS NOTED,DONE,2,EIDG,0,,,
38,Sunday,06-09-26,64821,36, EL-Nada EL-Saadany ,DPL,05-09-26,,,48.89,Fill,C-A,RD-01,,6+660 : 6+720,R+L,LAYER-6,6,,2825,APPROVED AS NOTED,DONE,2,EIDG,1,,,
39,Monday,07-09-26,90105,36, EL-Nada EL-Saadany ,DPL,07-09-26,,,45.72,Fill,C-A,RD-01,,6+660 : 6+720,R+L,LAYER-6,5,,2667,APPROVED AS NOTED,DONE,2,EIDG,0,,,
40,Sunday,06-09-26,64977,36, Al Magd Contracting ,PLATE LOAD,03-09-26,,,,Fill,C-A,RD-01,,6+770 : 6+880,R+L,43.52,1,,5872.84,APPROVED AS NOTED,DONE,3,BONYAN MISR,3,,,
41,Sunday,06-09-26,64974,36, Al Magd Contracting ,PLATE LOAD,03-09-26,,,,Fill,C-A,RD-01,,6+770 : 6+880,R+L,43.52,1,,5872.84,APPROVED AS NOTED,DONE,3,BONYAN MISR,3,,,
42,Sunday,06-09-26,90051,36, Al Magd Contracting ,DPL,06-09-26,,,47.04,Fill,C-A,RD-01,,6+770 : 6+880,R+L,LAYER-11,6,,2872,APPROVED AS NOTED,DONE,2,EIDG,0,,,
43,Sunday,06-09-26,64900,36, Al Magd Contracting ,DPL,03-09-26,,,46.74,Fill,C-A,RD-01,,6+770 : 6+880,R+L,LAYER-10,11,,2872,APPROVED AS NOTED,DONE,2,EIDG,3,,,
44,Monday,07-09-26,90131,36, Al Magd Contracting ,DPL,06-09-26,,,45.98,Fill,C-A,RD-01,,6+770 : 6+880,R+L,LAYER-11,6,,2872,APPROVED AS NOTED,DONE,2,EIDG,1,,,
45,Monday,07-09-26,90108,36, Al Magd Contracting ,DPL,07-09-26,,,50.078,Fill,C-A,RD-01,,6+770 : 6+880,R+L,LAYER-12,6,,2980,APPROVED AS NOTED,DONE,2,EIDG,0,,,
46,Monday,07-09-26,90111,36, Abnaa Mohamed Badawy ,DPL,06-09-26,,,53.51,Fill,C-A,RD-01,,7-290 : 7+300,R+L,LAYER-2,2,,377,APPROVED AS NOTED,DONE,2,EIDG,1,,,
47,Monday,07-09-26,90060,36, Orascom ,DPL,06-09-26,,,47.25,Fill,C-A,RD-01,,7+660 : 7+740,R+L,LAYER-10,7,,3621,APPROVED AS NOTED,DONE,2,EIDG,1,,,
48,Monday,07-09-26,90109,36, Orascom ,DPL,07-09-26,,,50.9,Fill,C-A,RD-01,,7+660 : 7+740,R+L,LAYER-11,7,,3121,APPROVED AS NOTED,DONE,2,EIDG,0,,,
49,Monday,07-09-26,90040,36, Port Said West ,DPL,06-09-26,,,46.54,Fill,C-A,RD-01,,6+935 : 6+960,R+L,LAYER-14,3,,1271,APPROVED AS NOTED,DONE,2,EIDG,1,,,
50,Monday,07-09-26,90107,36, Port Said West ,DPL,07-09-26,,,50.73,Fill,C-A,RD-01,,6+935 : 6+960,R+L,LAYER-15,3,,1261,APPROVED AS NOTED,DONE,2,EIDG,0,,,
51,Monday,07-09-26,64807,36, Abnaa Mohamed Badawy ,DPL,05-09-26,,,51.209,Fill,C-A,RD-01,,7+300 : 7+360,R+L,LAYER-3,5,,2481,APPROVED AS NOTED,DONE,2,EIDG,2,,,
52,Sunday,06-09-26,90021,36, Abnaa Mohamed Badawy ,DPL,06-09-26,,,48.026,Fill,C-A,RD-01,,7+300 : 7+360,R+L,LAYER-3,5,,2481,APPROVED AS NOTED,DONE,2,EIDG,0,,,
53,Monday,07-09-26,90110,36, Abnaa Mohamed Badawy ,DPL,07-09-26,,,46.55,Fill,C-A,RD-01,,7+300 : 7+360,R+L,LAYER-4,5,,2531,APPROVED AS NOTED,DONE,2,EIDG,0,,,
54,Sunday,06-09-26,64913,36, Saad Sheita ,DPL,03-09-26,,,45.35,Fill,C-A,RD-01,,7+250 : 7+290,R+L,LAYER-7,4,,1927,APPROVED AS NOTED,DONE,2,EIDG,3,,,
55,Monday,07-09-26,90117,36, Saad Sheita ,DPL,07-09-26,,,50.42,Fill,C-A,RD-01,,7+250 : 7+290,R+L,LAYER-8,4,,1882,APPROVED AS NOTED,DONE,2,EIDG,0,,,
56,Sunday,06-09-26,64985,36, Benaa ,PLATE LOAD,02-09-26,,,,Fill,C-A,RD-01,,6+580 : 6+600,R+L,47.41,1,,844.18,APPROVED AS NOTED,DONE,3,BONYAN MISR,4,,,
57,Sunday,06-09-26,90038,36, Benaa ,DPL,06-09-26,,,41.42,Fill,C-A,RD-01,,6+580 : 6+600,R+L,LAYER-6,2,,829,APPROVED AS NOTED,DONE,2,EIDG,0,,,
58,Wednesday,02-09-26,64794,36, Orascom ,PLATE LOAD,31-08-26,,,,Fill,C-A,RD-01,,7+740 : 7+800,R+L,28.5,1,,,APPROVED AS NOTED,DONE,6,CEDC,2,,,
59,Wednesday,02-09-26,64746,36, Orascom ,DPL,02-09-26,,,48.47,Fill,C-A,RD-01,,7+740 : 7+800,R+L,LAYER-9,6,,2748,APPROVED AS NOTED,DONE,2,EIDG,0,,,
60,Wednesday,02-09-26,64772,36, Orascom ,DPL,01-09-26,,,49.02,Fill,C-A,RD-01,,7+500 : 7+660,R+L,LAYER-11,11,,6077,APPROVED AS NOTED,DONE,2,EIDG,1,,,
61,Wednesday,02-09-26,64804,36, Orascom ,PLATE LOAD,31-08-26,,,,Fill,C-A,RD-01,,7+740 : 7+800,R+L,28.52,1,,2700.1,APPROVED AS NOTED,DONE,3,BONYAN MISR,2,,,
62,Wednesday,02-09-26,64801,36, EL-Nada EL-Saadany ,PLATE LOAD,01-09-26,,,,Fill,C-A,RD-01,,6+720 : 6+770,R+L,44.02,1,,,APPROVED AS NOTED,DONE,5,CEL,1,,,
63,Wednesday,02-09-26,64783,36, EL-Nada EL-Saadany ,DPL,02-09-26,,,48.071,Fill,C-A,RD-01,,6+600 : 6+690,R+L,LAYER-5,8,,4078,APPROVED AS NOTED,DONE,2,EIDG,0,,,
64,Wednesday,02-09-26,64751,36, Al Magd Contracting ,DPL,02-09-26,,,49.68,Fill,C-A,RD-01,,6+790 : 7+880,R+L,LAYER-9,10,,4854,APPROVED AS NOTED,DONE,2,EIDG,0,,,
65,Wednesday,02-09-26,64752,36, Al Magd Contracting ,DPL,01-09-26,,,50.29,Fill,C-A,RD-01,,6+770 : 6+790,R+L,LAYER-9,2,,854,APPROVED AS NOTED,DONE,2,EIDG,1,,,
66,Wednesday,02-09-26,64767,36, EL-Batal ,DPL,02-09-26,,,52.85,Fill,C-A,RD-01,,5+570 : 5+900,R+L,LAYER-3,3,,1127,APPROVED AS NOTED,DONE,2,EIDG,0,,,
67,Wednesday,02-09-26,64766,36, EL-Batal ,DPL,02-09-26,,,47.64,Fill,C-A,RD-01,,5+900 : 5+990,R+L,LAYER-4,7,,3341,APPROVED AS NOTED,DONE,2,EIDG,0,,,
68,Wednesday,02-09-26,64748,36, Benaa ,DPL,02-09-26,,,43.42,Fill,C-A,RD-01,,6+540 : 6+580,R+L,LAYER-6,4,,1979,APPROVED AS NOTED,DONE,2,EIDG,0,,,
69,Wednesday,02-09-26,64762,36, Benaa ,DPL,02-09-26,,,47.61,Fill,C-A,RD-01,,6+490 : 6+540,R+L,LAYER-6,5,,2336,APPROVED AS NOTED,DONE,2,EIDG,0,,,
70,Wednesday,02-09-26,64747,36, Benaa ,DPL,02-09-26,,,51.306,Fill,C-A,RD-01,,6+580 : 6+600,R+L,LAYER-5,2,,844,APPROVED AS NOTED,DONE,2,EIDG,0,,,
71,Wednesday,02-09-26,64744,36, Saad Sheita ,DPL,02-09-26,,,47.35,Fill,C-A,RD-01,,7+250 : 7+290,R+L,LAYER-7,4,,1927,APPROVED AS NOTED,DONE,2,EIDG,0,,,
72,Wednesday,02-09-26,64759,36, Port Said West ,DPL,02-09-26,,,50.04,Fill,C-A,RD-01,,6+935 : 6+964,R+L,LAYER-12,3,,1367,APPROVED AS NOTED,DONE,2,EIDG,0,,,
73,Wednesday,02-09-26,64758,36, Port Said West ,DPL,02-09-26,,,46.307,Fill,C-A,RD-01,,6+888 : 6+935,R+L,LAYER-12,5,,2364,APPROVED AS NOTED,DONE,2,EIDG,0,,,
74,Wednesday,02-09-26,64760,36, MTR for Import ,DPL,02-09-26,,,47.405,Fill,C-A,RD-01,,7+040 : 7+120,R+L,LAYER-9,10,,4612,APPROVED AS NOTED,DONE,2,EIDG,0,,,
75,Tuesday,01-09-26,64662,36, Saad Sheita ,DPL,01-09-26,,,44.94,Fill,C-A,RD-01,,7+200 : 7+250,R+L,LAYER-6,4,,1953,APPROVED AS NOTED,DONE,2,EIDG,0,,,
76,Tuesday,01-09-26,64682,36, Saad Sheita ,DPL,01-09-26,,,47.18,Fill,C-A,RD-01,,7+250 : 7+290,R+L,LAYER-6,4,,1953,APPROVED AS NOTED,DONE,2,EIDG,0,,,
77,Tuesday,01-09-26,64596,36, EL-Nada EL-Saadany ,DPL,30-08-26,,,50.11,Fill,C-A,RD-01,,6+690 : 6+720,R+L,LAYER-5,4,,1704,APPROVED AS NOTED,DONE,2,EIDG,2,,,
78,Tuesday,01-09-26,64704,36, EL-Nada EL-Saadany ,PLATE LOAD,31-08-26,,,,Fill,C-A,RD-01,,6+690 : 6+720,R+L,45.52,1,,,APPROVED AS NOTED,DONE,5,CEL,1,,,
79,Tuesday,01-09-26,64673,36, EL-Nada EL-Saadany ,DPL,01-09-26,,,41.99,Fill,C-A,RD-01,,6+600 : 6+620,R+L,LAYER-1,2,,791,APPROVED AS NOTED,DONE,2,EIDG,0,,,
80,Tuesday,01-09-26,64681,36, EL-Nada EL-Saadany ,DPL,01-09-26,,,47.93,Fill,C-A,RD-01,,6+620 : 6+690,R+L,LAYER-4,7,,3055,APPROVED AS NOTED,DONE,2,EIDG,0,,,
81,Tuesday,01-09-26,64732,36, EL-Nada EL-Saadany ,DPL,01-09-26,,,47.4,Fill,C-A,RD-01,,6+720 : 6+770,R+L,LAYER-5,5,,2464,APPROVED AS NOTED,DONE,2,EIDG,0,,,
82,Tuesday,01-09-26,64597,36, EL-Nada EL-Saadany ,DPL,30-08-26,,,50.56,Fill,C-A,RD-01,,6+720 : 6+770,R+L,LAYER-4,5,,2431,APPROVED AS NOTED,DONE,2,EIDG,2,,,
83,Tuesday,01-09-26,64599,36, Al Magd Contracting ,DPL,30-08-26,,,48.205,Fill,C-A,RD-01,,6+770 : 6+890,R+L,LAYER-8,11,,5570,APPROVED AS NOTED,DONE,2,EIDG,2,,,
84,Tuesday,01-09-26,64689,36, Benaa ,PLATE LOAD,30-08-26,,,,Fill,C-A,RD-01,,6+540 : 6+490,R+L,49.46,1,,2324,APPROVED AS NOTED,DONE,3,BONYAN MISR,2,,,
85,Tuesday,01-09-26,64591,36, Benaa ,DPL,30-08-26,,,48.77,Fill,C-A,RD-01,,6+540 : 6+580,R+L,LAYER-5,4,,1979,APPROVED AS NOTED,DONE,2,EIDG,2,,,
86,Tuesday,01-09-26,64717,36, Benaa ,PLATE LOAD,31-08-26,,,,Fill,C-A,RD-01,,6+540 : 6+580,R+L,49.46,1,,,APPROVED AS NOTED,DONE,5,CEL,1,,,
87,Tuesday,01-09-26,64690,36, Benaa ,PLATE LOAD,30-08-26,,,,Fill,C-A,RD-01,,6+540 : 6+580,R+L,46.46,1,,1979.105,REVISE,DONE,3,BONYAN MISR,2,,,
88,Tuesday,01-09-26,64630,36, Benaa ,DPL,30-08-26,,,48.04,Fill,C-A,RD-01,,6+490 : 6+540,R+L,LAYER-5,5,,2324,APPROVED AS NOTED,DONE,2,EIDG,2,,,
89,Tuesday,01-09-26,64593,36, Benaa ,DPL,30-08-26,,,51.53,Fill,C-A,RD-01,,6+580 : 6+600,R+L,LAYER-3,2,,892,APPROVED AS NOTED,DONE,2,EIDG,2,,,
90,Tuesday,01-09-26,64600,36, Port Said West ,DPL,30-08-26,,,46.49,Fill,C-A,RD-01,,6+888 : 6+935,R+L,LAYER-11,5,,2406,APPROVED AS NOTED,DONE,2,EIDG,2,,,
91,Tuesday,01-09-26,64602,36, Port Said West ,DPL,30-08-26,,,50.94,Fill,C-A,RD-01,,6+935 : 6+964,R+L,LAYER-11,3,,1382,APPROVED AS NOTED,DONE,2,EIDG,2,,,
92,Tuesday,01-09-26,64734,36, Orascom ,DPL,30-08-26,,,47.24,Fill,C-A,RD-01,,7+500 : 7+660,R+L,LAYER-10,7,,3556,APPROVED AS NOTED,DONE,2,EIDG,2,,,
93,Tuesday,01-09-26,64642,36, Orascom ,DPL,30-08-26,,,46.084,Fill,C-A,RD-01,,7+740 : 7+800,R+L,LAYER-8,6,,2700,APPROVED AS NOTED,DONE,2,EIDG,2,,,
94,Tuesday,01-09-26,64735,36, Orascom ,DPL,30-08-26,,,50.66,Fill,C-A,RD-01,,7+660 : 7+740,R+L,LAYER-9,12,,6014,APPROVED AS NOTED,DONE,2,EIDG,2,,,
95,Tuesday,01-09-26,64720,36, Orascom ,PLATE LOAD,31-08-26,,,,Fill,C-A,RD-01,,7+740 : 7+800,R+L,28.52,1,,2700.13,REVISE,DONE,3,BONYAN MISR,1,,,
96,Tuesday,01-09-26,64693,36, Orascom ,PLATE LOAD,31-08-26,,,,Fill,C-A,RD-01,,7+740 : 7+800,R+L,28.52,1,,2700.13,REVISE,DONE,3,BONYAN MISR,1,,,
97,Tuesday,01-09-26,64646,36, Orascom ,DPL,01-09-26,,,50.072,Fill,C-A,RD-01,,7+380 : 7+500,R+L,LAYER-6,8,,3880,APPROVED AS NOTED,DONE,2,EIDG,0,,,
98,Tuesday,01-09-26,64624,36, Orascom ,DPL,29-08-26,,,46.57,Fill,C-A,RD-01,,7+300 : 7+360 ,R+L,LAYER-2,5,,2307,APPROVED AS NOTED,DONE,2,EIDG,3,,,
99,Tuesday,01-09-26,64595,36, Abnaa Mohamed Badawy ,DPL,30-08-26,,,49.48,Fill,C-A,RD-01,,7+365 : 7+380,R+L,LAYER-4,2,,680,APPROVED AS NOTED,DONE,2,EIDG,2,,,
100,Tuesday,01-09-26,64649,36, EL-Batal ,DPL,01-09-26,,,47.51,Fill,C-A,RD-01,,6+160 : 6+250,R+L,LAYER-2,7,,3653,APPROVED AS NOTED,DONE,2,EIDG,0,,,
101,Tuesday,01-09-26,64659,36, MTR for Import ,DPL,01-09-26,,,51.26,Fill,C-A,RD-01,,7+120 : 7+200,R+L,LAYER-9,9,,4688,APPROVED AS NOTED,DONE,2,EIDG,0,,,
102,Tuesday,01-09-26,64610,36, MTR for Import ,DPL,30-08-26,,,51.64,Fill,C-A,RD-01,,7+120 : 7+200,R+L,LAYER-8,9,,5164,APPROVED AS NOTED,DONE,2,EIDG,2,,,
103,Tuesday,01-09-26,64635,36, MTR for Import ,DPL,29-08-26,,,48.504,Fill,C-A,RD-01,,7+120 : 7+200,R+L,LAYER-8,9,,4652,APPROVED AS NOTED,DONE,2,EIDG,3,,,
104,Tuesday,01-09-26,64515,36, MTR for Import ,DPL,29-08-26,,,49.26,Fill,C-A,RD-01,,6+970 : 7+040,R+L,LAYER-7,8,,3862,APPROVED AS NOTED,DONE,2,EIDG,3,,,
105,Tuesday,01-09-26,64675,36, MTR for Import ,DPL,01-09-26,,,47.811,Fill,C-A,RD-01,,6+970 : 7+040,R+L,LAYER-8,8,,3892,APPROVED AS NOTED,DONE,2,EIDG,0,,,
106,Sunday,30-08-26,64518,36, Port Said West ,DPL,27-08-26,,,46.89,Fill,C-A,RD-01,,6+935 : 6+964,R+L,LAYER-10,3,,1397,APPROVED AS NOTED,DONE,2,EIDG,3,,,
107,Saturday,29-08-26,64356,36, Port Said West ,DPL,25-08-26,,,50.089,Fill,C-A,RD-01,,6+894 : 6+935,R+L,LAYER-7,4,,2044,APPROVED AS NOTED,DONE,2,EIDG,4,,,
108,Saturday,29-08-26,64466,36, Saad Sheita ,PLATE LOAD,26-08-26,,,,Fill,C-A,RD-01,,7+250 : 7+290,R+L,33.2,1,,,APPROVED AS NOTED,DONE,5,CEL,3,,,
109,Saturday,29-08-26,64467,36, Saad Sheita ,PLATE LOAD,26-08-26,,,,Fill,C-A,RD-01,,7+250 : 7+290,R+L,33.2,1,,,APPROVED AS NOTED,DONE,5,CEL,3,,,
110,Sunday,30-08-26,64547,36, Saad Sheita ,DPL,27-08-26,,,51.305,Fill,C-A,RD-01,,7+200 : 7+250,R+L,LAYER-5,5,,2545,APPROVED AS NOTED,DONE,2,EIDG,3,,,
111,Wednesday,26-08-26,64215,36, Saad Sheita ,DPL,23-08-26,,,49.29,Fill,C-A,RD-01,,7+220 : 7+250,R+L,LAYER-4,3,,1562,APPROVED AS NOTED,DONE,2,EIDG,3,,,
112,Monday,24-08-26,64056,36, Saad Sheita ,DPL,19-08-26,,,49.605,Fill,C-A,RD-01,,7+220 : 7+250,R+L,LAYER-3,4,,1562,APPROVED AS NOTED,DONE,2,EIDG,5,,,
113,Saturday,15-08-26,63574,36, Saad Sheita ,DPL,12-08-26,,,53.13,Fill,C-A,RD-01,,7+200 : 7+250,R+L,LAYER-1,4,,,APPROVED AS NOTED,DONE,2,EIDG,3,,,
114,Tuesday,18-08-26,63868,36, Saad Sheita ,DPL,18-08-26,,,47.23,Fill,C-A,RD-01,,7+220 : 7+250,R+L,LAYER-2,3,,1467,APPROVED AS NOTED,DONE,2,EIDG,0,,,
115,Wednesday,19-08-26,63949,36, Saad Sheita ,DPL,18-08-26,,,49.96,Fill,C-A,RD-01,,7+220 : 7+250,R+L,LAYER-2,3,,1467,APPROVED AS NOTED,DONE,2,EIDG,1,,,
116,Saturday,29-08-26,64474,36, Saad Sheita ,PLATE LOAD,28-08-26,,,,Fill,C-A,RD-01,,7+200 : 7+250,R+L,33.52,1,,,APPROVED AS NOTED,DONE,5,CEL,1,,,
117,Wednesday,26-08-26,64214,36, Saad Sheita ,DPL,23-08-26,,,47.17,Fill,C-A,RD-01,,7+200 : 7+220,R+L,LAYER-4,2,,980,APPROVED AS NOTED,DONE,2,EIDG,3,,,
118,Monday,24-08-26,63979,36, Saad Sheita ,DPL,20-08-26,,,51.39,Fill,C-A,RD-01,,7+200 : 7+220,R+L,LAYER-3,4,,,APPROVED AS NOTED,DONE,2,EIDG,4,,,
119,Sunday,16-08-26,63724,36, Saad Sheita ,DPL,15-08-26,,,47.818,Fill,C-A,RD-01,,7+200 : 7+220,R+L,LAYER-2,4,,,APPROVED AS NOTED,DONE,2,EIDG,1,,,
120,Saturday,29-08-26,64361,36, Saad Sheita ,DPL,25-08-26,,,50.93,Fill,C-A,RD-01,,7+250 : 7+290,R+L,LAYER-5,4,,1930,APPROVED AS NOTED,DONE,2,EIDG,4,,,
121,Saturday,29-08-26,64277,36, Saad Sheita ,DPL,23-08-26,,,49.52,Fill,C-A,RD-01,,7+250 : 7+290,R+L,LAYER-4,3,,1562,APPROVED AS NOTED,DONE,2,EIDG,6,,,
122,Monday,24-08-26,63971,36, Saad Sheita ,DPL,20-08-26,,,52.57,Fill,C-A,RD-01,,7+250 : 7+290,R+L,LAYER-3,4,,1956,APPROVED AS NOTED,DONE,2,EIDG,4,,,
123,Saturday,15-08-26,63581,36, Saad Sheita ,DPL,12-08-26,,,48.202,Fill,C-A,RD-01,,7+250 : 7+290,R+L,LAYER-1,4,,,APPROVED AS NOTED,DONE,2,EIDG,3,,,
124,Monday,10-08-26,63457,36, Orascom ,DPL,09-08-26,,,46.37,Fill,C-A,RD-01,,7+500 : 7+650,R+L,RD-1,2,,,APPROVED AS NOTED,DONE,2,EIDG,1,,,
125,Monday,10-08-26,63452,36, Orascom ,DPL,09-08-26,,,46.37,Fill,C-A,RD-01,,7+500 : 7+650,R+L,RD-1,2,,,APPROVED AS NOTED,DONE,2,EIDG,1,,,
126,Tuesday,11-08-26,63501,36, Orascom ,DPL,10-08-26,,,48.25,Fill,C-A,RD-01,,7+500 : 7+650,R+L,RD-1,2,,,APPROVED AS NOTED,DONE,2,EIDG,1,,,
127,Tuesday,11-08-26,63492,36, Orascom ,DPL,10-08-26,,,56.66,Fill,C-A,RD-01,,7+500 : 7+650,R+L,RD-1,2,,,APPROVED AS NOTED,DONE,2,EIDG,1,,,
128,Wednesday,26-08-26,64258,36, Al Magd Contracting ,PLATE LOAD,25-08-26,,,,Fill,C-A,RD-01,,6+780 : 6+890,R+L,41.02,1,,,APPROVED AS NOTED,DONE,3,BONYAN MISR,1,,,
129,Saturday,29-08-26,64369,36, Orascom ,DPL,25-08-26,,,47.18,Fill,C-A,RD-01,,7+500 : 7+660,R+L,LAYER-8,10,,5462,APPROVED AS NOTED,DONE,2,EIDG,4,,,
130,Saturday,29-08-26,64476,36, Orascom ,PLATE LOAD,28-08-26,,,,Fill,C-A,RD-01,,7+740 : 7+660,R+L,28.52,1,,,APPROVED AS NOTED,DONE,3,BONYAN MISR,1,,,
131,Saturday,29-08-26,64477,36, Orascom ,PLATE LOAD,28-08-26,,,,Fill,C-A,RD-01,,7+740 : 7+660,R+L,28.52,1,,,REVISE,DONE,3,BONYAN MISR,1,,,
132,Saturday,29-08-26,64456,36, Orascom ,DPL,26-08-26,,,47.87,Fill,C-A,RD-01,,7+500 : 7+660,R+L,LAYER-9,10,,5897,APPROVED AS NOTED,DONE,2,EIDG,3,,,
133,Wednesday,26-08-26,64183,36, Orascom ,DPL,23-08-26,,,48.67,Fill,C-A,RD-01,,7+500 : 7+660,R+L,LAYER-7,11,,5538,APPROVED AS NOTED,DONE,2,EIDG,3,,,
134,Monday,24-08-26,64001,36, Orascom ,DPL,19-08-26,,,52.86,Fill,C-A,RD-01,,7+500 : 7+660,R+L,LAYER-6,8,,5538,APPROVED AS NOTED,DONE,2,EIDG,5,,,
135,Monday,24-08-26,64068,36, Orascom ,DPL,19-08-26,,,46.88,Fill,C-A,RD-01,,7+500 : 7+660,R+L,LAYER-5,11,,5538,APPROVED AS NOTED,DONE,2,EIDG,5,,,
136,Monday,24-08-26,64088,36, Orascom ,PLATE LOAD,21-08-26,,,,Fill,C-A,RD-01,,7+500 : 7+660,R+L,27.02,1,,,APPROVED AS NOTED,DONE,3,BONYAN MISR,3,,,
137,Monday,24-08-26,64087,36, Orascom ,PLATE LOAD,21-08-26,,,,Fill,C-A,RD-01,,7+500 : 7+660,R+L,27.02,1,,,APPROVED AS NOTED,DONE,3,BONYAN MISR,3,,,
138,Monday,24-08-26,64085,36, Orascom ,PLATE LOAD,21-08-26,,,,Fill,C-A,RD-01,,7+500 : 7+660,R+L,27.02,1,,,REVISE,DONE,3,BONYAN MISR,3,,,
139,Monday,24-08-26,64086,36, Orascom ,PLATE LOAD,21-08-26,,,,Fill,C-A,RD-01,,7+500 : 7+660,R+L,27.02,1,,,REVISE,DONE,3,BONYAN MISR,3,,,
140,Sunday,09-08-26,63438,36, Orascom ,DPL,07-08-26,,,51.69,Fill,C-A,RD-01,,7+750 : 7+660,R+L,RD-1,4,,,APPROVED AS NOTED,DONE,2,EIDG,2,,,
141,Sunday,16-08-26,63712,36, Orascom ,DPL,13-08-26,,,50.22,Fill,C-A,RD-01,,7+500 : 7+660,R+L,LAYER-2,4,,,APPROVED AS NOTED,DONE,2,EIDG,3,,,
142,Sunday,16-08-26,63711,36, Orascom ,DPL,15-08-26,,,52.205,Fill,C-A,RD-01,,7+500 : 7+660,R+L,LAYER-3,4,,,APPROVED AS NOTED,DONE,2,EIDG,1,,,
143,Tuesday,18-08-26,63870,36, Orascom ,DPL,18-08-26,,,48.37,Fill,C-A,RD-01,,7+500 : 7+660,R+L,LAYER-4,4,,,APPROVED AS NOTED,DONE,2,EIDG,0,,,
144,Sunday,30-08-26,64512,36, Orascom ,SOIL,27-08-26,A-2-4,19.00%,,Bottom of excavation,C-A,RD-01,,6+450 : 6+470,R+L,,1,Sieve analysis,,APPROVED AS NOTED,DONE,2,EIDG,3,,,
145,Thursday,27-08-26,64333,36, Orascom ,DPL,24-08-26,,,47.81,Fill,C-A,RD-01,,7+380 : 7+500,R+L,LAYER-4,7,,3491,APPROVED AS NOTED,DONE,2,EIDG,3,,,
146,Thursday,27-08-26,64276,36, Orascom ,DPL,23-08-26,,,50.033,Fill,C-A,RD-01,,7+380 : 7+500,R+L,LAYER-3,7,,3263,APPROVED AS NOTED,DONE,2,EIDG,4,,,
147,Tuesday,25-08-26,64137,36, Orascom ,DPL,22-08-26,,,46.29,Fill,C-A,RD-01,,7+380 : 7+500,R+L,LAYER-3,7,,3263,APPROVED AS NOTED,DONE,2,EIDG,3,,,
148,Wednesday,26-08-26,64200,36, Orascom ,DPL,23-08-26,,,51.101,Fill,C-A,RD-01,,7+380 : 7+500,R+L,LAYER-3,7,,3263,APPROVED AS NOTED,DONE,2,EIDG,3,,,
149,Wednesday,26-08-26,64000,36, Orascom ,DPL,20-08-26,,,51.96,Fill,C-A,RD-01,,7+360 : 7+500,R+L,LAYER-2,6,,3263,APPROVED AS NOTED,DONE,2,EIDG,6,,,
150,Monday,24-08-26,64093,36, Orascom ,PLATE LOAD,22-08-26,,,,Fill,C-A,RD-01,,7+500 : 7+660,R+L,27.02,1,,,APPROVED AS NOTED,DONE,5,CEL,2,,,
151,Monday,17-08-26,63797,36, Orascom ,SOIL,16-08-26,A-4,47.40%,,Bottom of excavation,C-A,RD-01,,7+360 : 7+500,R+L,,,Sieve analysis,,APPROVED AS NOTED,DONE,2,EIDG,1,,,
152,Tuesday,18-08-26,63871,36, Orascom ,DPL,18-08-26,,,48.108,Fill,C-A,RD-01,,7+360 : 7+500,R+L,LAYER-1,4,,,APPROVED AS NOTED,DONE,2,EIDG,0,,,
153,Saturday,29-08-26,64362,36, Orascom ,DPL,25-08-26,,,47.92,Fill,C-A,RD-01,,7+740 : 7+760,R+L,LAYER-7,7,,,APPROVED AS NOTED,DONE,2,EIDG,4,,,
154,Sunday,30-08-26,64514,36, Orascom ,DPL,27-08-26,,,46.95,Fill,C-A,RD-01,,7+660 : 7+740,R+L,LAYER-8,7,,3397,APPROVED AS NOTED,DONE,2,EIDG,3,,,
155,Wednesday,26-08-26,64182,36, Orascom ,DPL,23-08-26,,,51.36,Fill,C-A,RD-01,,7+660 : 7+740,R+L,LAYER-6,6,,3000,APPROVED AS NOTED,DONE,2,EIDG,3,,,
156,Tuesday,25-08-26,64138,36, Orascom ,DPL,22-08-26,,,50.25,Fill,C-A,RD-01,,7+660 : 7+740,R+L,LAYER-5,6,,2881,APPROVED AS NOTED,DONE,2,EIDG,3,,,
157,Monday,24-08-26,64046,36, Orascom ,DPL,19-08-26,,,49.038,Fill,C-A,RD-01,,7+660 : 7+740,R+L,LAYER-4,6,,2881,APPROVED AS NOTED,DONE,2,EIDG,5,,,
158,Wednesday,12-08-26,63516,36, Orascom ,DPL,11-08-26,,,47.47,Fill,C-A,RD-01,,7+640 : 7+740,R+L,RD-1,4,,,APPROVED AS NOTED,DONE,2,EIDG,1,,,
159,Tuesday,11-08-26,63498,36, Orascom ,DPL,10-08-26,,,48.09,Fill,C-A,RD-01,,7+660 : 7+740,R+L,RD-1,2,,,APPROVED AS NOTED,DONE,2,EIDG,1,,,
160,Saturday,15-08-26,63534,36, Orascom ,SOIL,14-08-26,A-4,64.60%,,Bottom of excavation,C-A,RD-01,,7+740 : 7+815,R+L,,1,Sieve analysis,,APPROVED AS NOTED,DONE,2,EIDG,1,,,
161,Sunday,16-08-26,63731,36, Orascom ,DPL,13-08-26,,,51.46,Fill,C-A,RD-01,,7+660 : 7+740,R+L,LAYER-2,3,,,APPROVED AS NOTED,DONE,2,EIDG,3,,,
162,Monday,17-08-26,63782,36, Orascom ,DPL,16-08-26,,,51.302,Fill,C-A,RD-01,,7+660 : 7+740,R+L,LAYER-3,4,,,APPROVED AS NOTED,DONE,2,EIDG,1,,,
163,Tuesday,18-08-26,63919,36, Orascom ,PLATE LOAD,18-08-26,,,,Fill,C-A,RD-01,,7+660 : 7+740,R+L,19.5,1,,,APPROVED AS NOTED,DONE,5,CEL,0,,,
164,Tuesday,18-08-26,63917,36, Orascom ,PLATE LOAD,18-08-26,,,,Fill,C-A,RD-01,,7+660 : 7+740,R+L,19.5,1,,,APPROVED AS NOTED,DONE,3,BONYAN MISR,0,,,
165,Sunday,30-08-26,64573,36, Orascom ,PLATE LOAD,28-08-26,,,,Fill,C-A,RD-01,,7+380 : 7+500,R+L,28.52,1,,,REVISE,DONE,3,BONYAN MISR,2,,,
166,Sunday,30-08-26,64572,36, Orascom ,PLATE LOAD,28-08-26,,,,Fill,C-A,RD-01,,7+380 : 7+500,R+L,28.52,1,,,APPROVED AS NOTED,DONE,3,BONYAN MISR,2,,,
167,Thursday,27-08-26,64341,36, Orascom ,DPL,24-08-26,,,48.85,Fill,C-A,RD-01,,7+740 : 7+800,R+L,LAYER-4,5,,2202,APPROVED AS NOTED,DONE,2,EIDG,3,,,
168,Saturday,29-08-26,64454,36, Orascom ,DPL,26-08-26,,,48.22,Fill,C-A,RD-01,,7+740 : 7+800,R+L,LAYER-5,5,,2418,APPROVED AS NOTED,DONE,2,EIDG,3,,,
169,Sunday,30-08-26,64488,36, Orascom ,DPL,28-08-26,,,50.64,Fill,C-A,RD-01,,7+740 : 7+800,R+L,LAYER-7,6,,2660,APPROVED AS NOTED,DONE,2,EIDG,2,,,
170,Tuesday,25-08-26,64140,36, Orascom ,DPL,22-08-26,,,48.81,Fill,C-A,RD-01,,7+740 : 7+800,R+L,LAYER-3,4,,1978,APPROVED AS NOTED,DONE,2,EIDG,3,,,
171,Sunday,30-08-26,64544,36, Orascom ,DPL,27-08-26,,,50.46,Fill,C-A,RD-01,,7+740 : 7+800,R+L,LAYER-6,5,,2717,APPROVED AS NOTED,DONE,2,EIDG,3,,,
172,Sunday,30-08-26,64528,36, Orascom ,DPL,26-08-26,,,49.25,Fill,C-A,RD-01,,7+380 : 7+500,R+L,LAYER-5,8,,3628,APPROVED AS NOTED,DONE,2,EIDG,4,,,
173,Wednesday,19-08-26,63933,36, Orascom ,DPL,18-08-26,,,49.74,Fill,C-A,RD-01,,7+740 : 7+800,R+L,LAYER-2,3,,,APPROVED AS NOTED,DONE,2,EIDG,1,,,
174,Saturday,29-08-26,64455,36, MTR for Import ,DPL,25-08-26,,,51.66,Fill,C-A,RD-01,,7+000 : 7+100,R+L,LAYER-6,11,,,APPROVED AS NOTED,DONE,2,EIDG,4,,,
175,Saturday,29-08-26,64464,36, MTR for Import ,PLATE LOAD,27-08-26,,,,Fill,C-A,RD-01,,7+120 : 7+200,R+L,34.52,1,,,APPROVED AS NOTED,DONE,5,CEL,2,,,
176,Sunday,30-08-26,64485,36, MTR for Import ,DPL,27-08-26,,,48.87,Fill,C-A,RD-01,,7+040 : 7+120,R+L,LAYER-7,9,,4544,APPROVED AS NOTED,DONE,2,EIDG,3,,,
177,Sunday,30-08-26,64205,36, MTR for Import ,DPL,23-08-26,,,48.8,Fill,C-A,RD-01,,7+040 : 7+200,R+L,LAYER-5,16,,8655,APPROVED AS NOTED,DONE,2,EIDG,7,,,
178,Monday,17-08-26,63808,36, MTR for Import ,DPL,16-08-26,,,48.33,Fill,C-A,RD-01,,6+120 : 7+020,R+L,LAYER-1,8,,,APPROVED AS NOTED,DONE,2,EIDG,1,,,
179,Saturday,29-08-26,64353,36, MTR for Import ,DPL,24-08-26,,,47.75,Fill,C-A,RD-01,,7+100 : 7+200,R+L,LAYER-6,12,,5733,APPROVED AS NOTED,DONE,2,EIDG,5,,,
180,Saturday,29-08-26,64449,36, MTR for Import ,DPL,26-08-26,,,47.79,Fill,C-A,RD-01,,7+120 : 7+200,R+L,LAYER-7,9,,4621,APPROVED AS NOTED,DONE,2,EIDG,3,,,
181,Monday,24-08-26,64062,36, MTR for Import ,DPL,19-08-26,,,46.39,Fill,C-A,RD-01,,7+120 : 7+200,R+L,LAYER-3,4,,4148,APPROVED AS NOTED,DONE,2,EIDG,5,,,
182,Monday,24-08-26,64030,36, MTR for Import ,DPL,21-08-26,,,52.074,Fill,C-A,RD-01,,7+100 : 7+200,R+L,LAYER-4,11,,5312,APPROVED AS NOTED,DONE,2,EIDG,3,,,
183,Wednesday,19-08-26,63938,36, MTR for Import ,DPL,18-08-26,,,50.78,Fill,C-A,RD-01,,7+120 : 7+200,R+L,LAYER-2,3,,,APPROVED AS NOTED,DONE,2,EIDG,1,,,
184,Tuesday,18-08-26,63899,36, MTR for Import ,DPL,17-08-26,,,48.54,Fill,C-A,RD-01,,7+180 : 7+200,R+L,LAYER-1,3,,,APPROVED AS NOTED,DONE,2,EIDG,1,,,
185,Wednesday,26-08-26,64198,36, EL-Batal ,DPL,23-08-26,,,48.042,Fill,C-A,RD-01,,5+870 : 5+900,R+L,LAYER-1,3,,1095,APPROVED AS NOTED,DONE,2,EIDG,3,,,
186,Saturday,29-08-26,64457,36, EL-Batal ,DPL,26-08-26,,,46.16,Fill,C-A,RD-01,,5+870 : 5+900,R+L,LAYER-2,3,,1109,APPROVED AS NOTED,DONE,2,EIDG,3,,,
187,Wednesday,26-08-26,64199,36, EL-Batal ,DPL,23-08-26,,,48.85,Fill,C-A,RD-01,,5+900 : 5+990,R+L,LAYER-2,7,,3161,APPROVED AS NOTED,DONE,2,EIDG,3,,,
188,Wednesday,19-08-26,63928,36, EL-Batal ,DPL,18-08-26,,,56.56,Fill,C-A,RD-01,,5+900 : 5+990,R+L,LAYER-1,5,,2874,APPROVED AS NOTED,DONE,2,EIDG,1,,,
189,Sunday,30-08-26,64487,36, EL-Batal ,DPL,28-08-26,,,46.09,Fill,C-A,RD-01,,5+990 : 6+060,R+L,LAYER-2,6,,2819,APPROVED AS NOTED,DONE,2,EIDG,2,,,
190,Saturday,29-08-26,64402,36, EL-Batal ,DPL,24-08-26,,,47.97,Fill,C-A,RD-01,,6+160 : 6+250,R+L,LAYER-1,7,,3647,APPROVED AS NOTED,DONE,2,EIDG,5,,,
191,Thursday,27-08-26,64317,36, EL-Batal ,DPL,24-08-26,,,51.93,Fill,C-A,RD-01,,6+160 : 6+250,R+L,LAYER-1,3,,1451,APPROVED AS NOTED,DONE,2,EIDG,3,,,
192,Saturday,29-08-26,64462,36, Al Magd Contracting ,DPL,26-08-26,,,46.56,Fill,C-A,RD-01,,6+780 : 6+890,R+L,LAYER-6,10,,5011,APPROVED AS NOTED,DONE,2,EIDG,3,,,
193,Wednesday,26-08-26,64274,36, Al Magd Contracting ,DPL,23-08-26,,,48.73,Fill,C-A,RD-01,,6+820 : 6+890,R+L,LAYER-3,7,,3236,APPROVED AS NOTED,DONE,2,EIDG,3,,,
194,Sunday,30-08-26,64548,36, Al Magd Contracting ,DPL,27-08-26,,,48.72,Fill,C-A,RD-01,,6+770 : 6+890,R+L,LAYER-8,11,,5465,APPROVED AS NOTED,DONE,2,EIDG,3,,,
195,Wednesday,26-08-26,64265,36, Al Magd Contracting ,PLATE LOAD,25-08-26,,,,Fill,C-A,RD-01,,6+780 : 6+890,R+L,41.02,1,,,APPROVED AS NOTED,DONE,3,BONYAN MISR,1,,,
196,Wednesday,26-08-26,64266,36, Al Magd Contracting ,PLATE LOAD,25-08-26,,,,Fill,C-A,RD-01,,6+780 : 6+890,R+L,41.02,1,,,APPROVED AS NOTED,DONE,3,BONYAN MISR,1,,,
197,Tuesday,25-08-26,64142,36, Al Magd Contracting ,DPL,22-08-26,,,48.87,Fill,C-A,RD-01,,6+820 : 6+890,R+L,LAYER-3,7,,3236,APPROVED AS NOTED,DONE,2,EIDG,3,,,
198,Monday,24-08-26,63996,36, Al Magd Contracting ,DPL,20-08-26,,,43.32,Fill,C-A,RD-01,,6+823 : 6+890,R+L,LAYER-2,4,,3012,APPROVED AS NOTED,DONE,2,EIDG,4,,,
199,Thursday,27-08-26,64316,36, Al Magd Contracting ,DPL,24-08-26,,,49.66,Fill,C-A,RD-01,,6+780 : 6+890,R+L,LAYER-4,10,,4928,APPROVED AS NOTED,DONE,2,EIDG,3,,,
200,Thursday,27-08-26,64336,36, Al Magd Contracting ,DPL,24-08-26,,,49.66,Fill,C-A,RD-01,,6+780 : 6+890,R+L,LAYER-5,10,,4928,APPROVED AS NOTED,DONE,2,EIDG,3,,,
201,Saturday,29-08-26,64404,36, Al Magd Contracting ,DPL,24-08-26,,,47.26,Fill,C-A,RD-01,,6+780 : 6+890,R+L,LAYER-5,10,,4928,APPROVED AS NOTED,DONE,2,EIDG,5,,,
202,Wednesday,19-08-26,63940,36, Al Magd Contracting ,SOIL,17-08-26,A-2-4,34.00%,,Bottom of excavation,C-A,RD-01,,6+784 : 6+823,R+L,,1,Sieve analysis,,APPROVED AS NOTED,DONE,2,EIDG,2,,,
203,Wednesday,19-08-26,63940,36, Al Magd Contracting ,DPL,18-08-26,,,49.87,Bottom of excavation,C-A,RD-01,,6+784 : 6+823,R+L,LAYER-0,2,,,APPROVED AS NOTED,DONE,2,EIDG,1,,,
204,Wednesday,19-08-26,63941,36, Al Magd Contracting ,SOIL,18-08-26,A-2-4,32.40%,,Bottom of excavation,C-A,RD-01,,6+770 : 6+784,R+L,,1,Sieve analysis,,APPROVED AS NOTED,DONE,2,EIDG,1,,,
205,Wednesday,19-08-26,63941,36, Al Magd Contracting ,DPL,18-08-26,,,48.71,Bottom of excavation,C-A,RD-01,,6+770 : 6+784,R+L,LAYER-0,2,,,APPROVED AS NOTED,DONE,2,EIDG,1,,,
206,Wednesday,19-08-26,63902,36, Al Magd Contracting ,SOIL,17-08-26,A-4,39.60%,,Bottom of excavation,C-A,RD-01,,6+823 : 6+890,R+L,,1,Sieve analysis,,APPROVED AS NOTED,DONE,2,EIDG,2,,,
207,Saturday,29-08-26,64461,36, Port Said West ,DPL,26-08-26,,,52.11,Fill,C-A,RD-01,,6+935 : 6+964,R+L,LAYER-9,3,,1415,APPROVED AS NOTED,DONE,2,EIDG,3,,,
208,Saturday,29-08-26,64381,36, Port Said West ,DPL,25-08-26,,,54.87,Fill,C-A,RD-01,,6+935 : 6+964,R+L,LAYER-8,3,,1408,APPROVED AS NOTED,DONE,2,EIDG,4,,,
209,Monday,24-08-26,64082,36, Port Said West ,PLATE LOAD,20-08-26,,,,Fill,C-A,RD-01,,6+539 : 6+894,R+L,39.02,1,,,APPROVED AS NOTED,DONE,5,CEL,4,,,
210,Monday,24-08-26,64081,36, Port Said West ,PLATE LOAD,20-08-26,,,,Fill,C-A,RD-01,,6+539 : 6+894,R+L,39.02,1,,,APPROVED AS NOTED,DONE,5,CEL,4,,,
211,Thursday,27-08-26,64330,36, Port Said West ,DPL,24-08-26,,,51.99,Fill,C-A,RD-01,,6+935 : 6+970,R+L,LAYER-7,3,,1420,APPROVED AS NOTED,DONE,2,EIDG,3,,,
212,Wednesday,26-08-26,64193,36, Port Said West ,DPL,23-08-26,,,48.76,Fill,C-A,RD-01,,6+935 : 6+970,R+L,LAYER-6,3,,1438,APPROVED AS NOTED,DONE,2,EIDG,3,,,
213,Monday,24-08-26,63985,36, Port Said West ,DPL,20-08-26,,,50.13,Fill,C-A,RD-01,,6+935 : 6+970,R+L,LAYER-5,4,,,APPROVED AS NOTED,DONE,2,EIDG,4,,,
214,Wednesday,19-08-26,63952,36, Port Said West ,DPL,18-08-26,,,58.029,Fill,C-A,RD-01,,6+935 : 6+970,R+L,LAYER-4,3,,1459,APPROVED AS NOTED,DONE,2,EIDG,1,,,
215,Wednesday,19-08-26,63952,36, Port Said West ,DPL,18-08-26,,,53.57,Fill,C-A,RD-01,,6+935 : 6+970,R+L,LAYER-3,3,,,APPROVED AS NOTED,DONE,2,EIDG,1,,,
216,Saturday,15-08-26,63529,36, Port Said West ,DPL,14-08-26,,,53.94,Fill,C-A,RD-01,,6+935 : 6+970,R+L,LAYER-1,4,,,APPROVED AS NOTED,DONE,2,EIDG,1,,,
217,Sunday,16-08-26,63733,36, Port Said West ,DPL,11-08-26,,,47.47,Fill,C-A,RD-01,,6+935 : 6+960,R+L,LAYER-1,4,,,APPROVED AS NOTED,DONE,2,EIDG,5,,,
218,Monday,17-08-26,63803,36, Port Said West ,DPL,16-08-26,,,50.66,Fill,C-A,RD-01,,6+935 : 6+960,R+L,LAYER-2,2,,,APPROVED AS NOTED,DONE,2,EIDG,1,,,
219,Saturday,29-08-26,64472,36, Port Said West ,PLATE LOAD,28-08-26,,,,Fill,C-A,RD-01,,6+533 : 6+935,R+L,41.52,1,,,APPROVED AS NOTED,DONE,3,BONYAN MISR,1,,,
220,Saturday,29-08-26,64473,36, Port Said West ,PLATE LOAD,28-08-26,,,,Fill,C-A,RD-01,,6+935 : 6+960,R+L,41.52,1,,,APPROVED AS NOTED,DONE,3,BONYAN MISR,1,,,
221,Saturday,29-08-26,64382,36, Port Said West ,DPL,25-08-26,,,46.054,Fill,C-A,RD-01,,6+888 : 6+935,R+L,LAYER-8,5,,2214,APPROVED AS NOTED,DONE,2,EIDG,4,,,
222,Saturday,29-08-26,64460,36, Port Said West ,DPL,26-08-26,,,45.073,Fill,C-A,RD-01,,6+888 : 6+935,R+L,LAYER-9,5,,2259,APPROVED AS NOTED,DONE,2,EIDG,3,,,
223,Sunday,30-08-26,64517,36, Port Said West ,DPL,27-08-26,,,47.59,Fill,C-A,RD-01,,6+888 : 6+935,R+L,LAYER-10,5,,2246,APPROVED AS NOTED,DONE,2,EIDG,3,,,
224,Wednesday,26-08-26,64192,36, Port Said West ,DPL,23-08-26,,,52.065,Fill,C-A,RD-01,,6+894 : 6+935,R+L,LAYER-6,4,,1991,APPROVED AS NOTED,DONE,2,EIDG,3,,,
225,Monday,24-08-26,64107,36, Port Said West ,DPL,19-08-26,,,46.33,Fill,C-A,RD-01,,6+894 : 6+935,R+L,LAYER-5,4,,1973,APPROVED AS NOTED,DONE,2,EIDG,5,,,
226,Wednesday,19-08-26,63958,36, Port Said West ,DPL,18-08-26,,,57.93,Fill,C-A,RD-01,,6+894 : 6+935,R+L,LAYER-3,3,,,APPROVED AS NOTED,DONE,2,EIDG,1,,,
227,Saturday,15-08-26,63535,36, Port Said West ,DPL,14-08-26,,,52.49,Fill,C-A,RD-01,,6+894 : 6+935,R+L,LAYER-1,2,,,APPROVED AS NOTED,DONE,2,EIDG,1,,,
228,Sunday,16-08-26,63734,36, Port Said West ,DPL,11-08-26,,,51.39,Fill,C-A,RD-01,,6+894 : 6+935,R+L,LAYER-1,4,,,APPROVED AS NOTED,DONE,2,EIDG,5,,,
229,Monday,17-08-26,63807,36, Port Said West ,DPL,16-08-26,,,52.55,Fill,C-A,RD-01,,6+894 : 6+935,R+L,LAYER-2,4,,,APPROVED AS NOTED,DONE,2,EIDG,1,,,
230,Wednesday,19-08-26,63951,36, Port Said West ,DPL,18-08-26,,,46.089,Fill,C-A,RD-01,,6+894 : 6+935,R+L,LAYER-4,3,,1955,APPROVED AS NOTED,DONE,2,EIDG,1,,,
231,Saturday,29-08-26,64452,36, Benaa ,DPL,26-08-26,,,45.69,Fill,C-A,RD-01,,6+580 : 6+600,R+L,LAYER-1,2,,940,APPROVED AS NOTED,DONE,2,EIDG,3,,,
232,Sunday,30-08-26,64534,36, Benaa ,DPL,27-08-26,,,53.82,Fill,C-A,RD-01,,6+580 : 6+600,R+L,LAYER-2,2,,916,APPROVED AS NOTED,DONE,2,EIDG,3,,,
233,Thursday,27-08-26,64334,36, Benaa ,SOIL,24-08-26,A-4,41.60%,,Bottom of excavation,C-A,RD-01,,6+580 : 6+600,R+L,,1,Sieve analysis,,APPROVED AS NOTED,DONE,2,EIDG,3,,,
234,Saturday,29-08-26,64458,36, Benaa ,DPL,26-08-26,,,42.94,Fill,C-A,RD-01,,6+540 : 6+580,R+L,LAYER-4,5,,2008,APPROVED AS NOTED,DONE,2,EIDG,3,,,
235,Wednesday,26-08-26,64275,36, Benaa ,DPL,23-08-26,,,49.112,Fill,C-A,RD-01,,6+540 : 6+580,R+L,LAYER-2,4,,,APPROVED AS NOTED,DONE,2,EIDG,3,,,
236,Saturday,29-08-26,64392,36, Benaa ,DPL,25-08-26,,,56.117,Fill,C-A,RD-01,,6+540 : 6+580,R+L,LAYER-3,2,,,APPROVED AS NOTED,DONE,2,EIDG,4,,,
237,Monday,24-08-26,64047,36, Benaa ,DPL,19-08-26,,,48.55,Fill,C-A,RD-01,,6+490 : 6+580,R+L,LAYER-1,5,,4239,APPROVED AS NOTED,DONE,2,EIDG,5,,,
238,Monday,17-08-26,63818,36, Benaa ,SOIL,16-08-26,A-4,49.20%,,Bottom of excavation,C-A,RD-01,,6+490 : 6+580,R+L,,1,Sieve analysis,,APPROVED AS NOTED,DONE,2,EIDG,1,,,
239,Saturday,29-08-26,64459,36, Benaa ,DPL,26-08-26,,,49.63,Fill,C-A,RD-01,,6+490 : 6+540,R+L,LAYER-4,2,,2504,APPROVED AS NOTED,DONE,2,EIDG,3,,,
240,Saturday,29-08-26,64391,36, Benaa ,DPL,25-08-26,,,50.201,Fill,C-A,RD-01,,6+490 : 6+540,R+L,LAYER-3,2,,,APPROVED AS NOTED,DONE,2,EIDG,4,,,
241,Monday,24-08-26,63994,36, Benaa ,DPL,20-08-26,,,55.96,Fill,C-A,RD-01,,6+490 : 6+540,R+L,LAYER-2,2,,,APPROVED AS NOTED,DONE,2,EIDG,4,,,
242,Thursday,27-08-26,64305,36, EL-Nada EL-Saadany ,DPL,24-08-26,,,46.006,Fill,C-A,RD-01,,6+620 : 6+690,R+L,LAYER-3,6,,3049,APPROVED AS NOTED,DONE,2,EIDG,3,,,
243,Tuesday,25-08-26,64159,36, EL-Nada EL-Saadany ,DPL,22-08-26,,,57.46,Fill,C-A,RD-01,,6+620 : 6+690,R+L,LAYER-2,2,,852,APPROVED AS NOTED,DONE,2,EIDG,3,,,
244,Monday,24-08-26,63987,36, EL-Nada EL-Saadany ,DPL,20-08-26,,,48.29,Fill,C-A,RD-01,,6+620 : 6+690,R+L,LAYER-1,2,,399,APPROVED AS NOTED,DONE,2,EIDG,4,,,
245,Thursday,27-08-26,64321,36, EL-Nada EL-Saadany ,DPL,24-08-26,,,52.43,Fill,C-A,RD-01,,6+690 : 6+720,R+L,LAYER-2,3,,1389,APPROVED AS NOTED,DONE,2,EIDG,3,,,
246,Thursday,27-08-26,64378,36, EL-Nada EL-Saadany ,DPL,25-08-26,,,47.35,Fill,C-A,RD-01,,6+690 : 6+720,R+L,LAYER-3,3,,1533,APPROVED AS NOTED,DONE,2,EIDG,2,,,
247,Sunday,30-08-26,64531,36, EL-Nada EL-Saadany ,DPL,27-08-26,,,51.88,Fill,C-A,RD-01,,6+690 : 6+720,R+L,LAYER-4,3,,1655,APPROVED AS NOTED,DONE,2,EIDG,3,,,
248,Monday,24-08-26,63991,36, EL-Nada EL-Saadany ,DPL,20-08-26,,,47.28,Fill,C-A,RD-01,,6+690 : 6+720,R+L,LAYER-1,3,,1326,APPROVED AS NOTED,DONE,2,EIDG,4,,,
249,Saturday,29-08-26,64403,36, EL-Nada EL-Saadany ,DPL,24-08-26,,,47.88,Fill,C-A,RD-01,,6+720 : 6+770,R+L,LAYER-2,4,,1821,APPROVED AS NOTED,DONE,2,EIDG,5,,,
250,Saturday,29-08-26,64453,36, EL-Nada EL-Saadany ,DPL,26-08-26,,,50.23,Fill,C-A,RD-01,,6+720 : 6+770,R+L,LAYER-2,5,,2173,APPROVED AS NOTED,DONE,2,EIDG,3,,,
251,Tuesday,25-08-26,64122,36, EL-Nada EL-Saadany ,DPL,22-08-26,,,45.16,Fill,C-A,RD-01,,6+720 : 6+770,R+L,LAYER-1,3,,1334,APPROVED AS NOTED,DONE,2,EIDG,3,,,
252,Saturday,29-08-26,64450,36, Abnaa Mohamed Badawy ,DPL,26-08-26,,,49.25,Fill,C-A,RD-01,,7+300 : 7+360,R+L,LAYER-1,5,,2268,APPROVED AS NOTED,DONE,2,EIDG,3,,,
253,Tuesday,25-08-26,64162,36, Abnaa Mohamed Badawy ,SOIL,22-08-26,A-4,51.00%,,Bottom of excavation,C-A,RD-01,,7+300 : 7+360,R+L,,1,Sieve analysis,,APPROVED AS NOTED,DONE,2,EIDG,3,,,
254,Wednesday,26-08-26,64210,36, Abnaa Mohamed Badawy ,SOIL,23-08-26,A-4,52.60%,,Bottom of excavation,C-A,RD-01,,7+290 : 7+300,R+L,,1,Sieve analysis,,APPROVED AS NOTED,DONE,2,EIDG,3,,,
255,Saturday,29-08-26,64451,36, Abnaa Mohamed Badawy ,DPL,26-08-26,,,50.21,Fill,C-A,RD-01,,7+290 : 7+300,R+L,LAYER-1,2,,346,APPROVED AS NOTED,DONE,2,EIDG,3,,,
256,Tuesday,25-08-26,64125,36, Abnaa Mohamed Badawy ,SOIL,22-08-26,A-4,51.00%,,Bottom of excavation,C-A,RD-01,,7+290 : 7+300,R+L,,1,Sieve analysis,,APPROVED AS NOTED,DONE,2,EIDG,3,,,
257,Saturday,29-08-26,64387,36, Abnaa Mohamed Badawy ,DPL,25-08-26,,,48.91,Fill,C-A,RD-01,,7+365 : 7+380,R+L,LAYER-2,2,,599,APPROVED AS NOTED,DONE,2,EIDG,4,,,
258,Sunday,30-08-26,64529,36, Abnaa Mohamed Badawy ,DPL,27-08-26,,,57.23,Fill,C-A,RD-01,,7+365 : 7+380,R+L,LAYER-3,2,,630,APPROVED AS NOTED,DONE,2,EIDG,3,,,
259,Tuesday,25-08-26,64157,36, Abnaa Mohamed Badawy ,DPL,22-08-26,,,53.25,Fill,C-A,RD-01,,7+365 : 7+380,R+L,LAYER-1,2,,633,APPROVED AS NOTED,DONE,2,EIDG,3,,,
260,Tuesday,25-08-26,64121,36, Abnaa Mohamed Badawy ,DPL,22-08-26,,,50.198,Fill,C-A,RD-01,,7+365 : 7+380,R+L,LAYER-1,2,,633,APPROVED AS NOTED,DONE,2,EIDG,3,,,
261,Monday,24-08-26,63976,36, Abnaa Mohamed Badawy ,SOIL,20-08-26,A-2-4,33.40%,,Bottom of excavation,C-A,RD-01,,7+365 : 7+380,R+L,,1,Sieve analysis,,APPROVED AS NOTED,DONE,2,EIDG,4,,,
262,Monday,24-08-26,63976,36, Abnaa Mohamed Badawy ,DPL,21-08-26,,,50.58,Bottom of excavation,C-A,RD-01,,7+365 : 7+380,R+L,LAYER-0,2,,,APPROVED AS NOTED,DONE,2,EIDG,3,,,
263,Sunday,06-09-26,64822,36, EL-Batal ,SOIL,04-09-26,A-2-4,15.00%,,Bottom of excavation,C-A,RD-01,,6+250 : 6+320 ,R+L,,1,Sieve analysis,,APPROVED AS NOTED,DONE,2,EIDG,2,,,
264,Sunday,06-09-26,64822,36, EL-Batal ,DPL,05-09-26,,,44.81,Bottom of excavation,C-A,RD-01,,6+250 : 6+320 ,R+L,LAYER-0,7,,3155,APPROVED AS NOTED,DONE,2,EIDG,1,,,
265,Sunday,06-09-26,64817,36, EL-Batal ,SOIL,04-09-26,A-2-4,26.80%,,Bottom of excavation,C-A,RD-01,,6+320 : 6+350,R+L,,1,Sieve analysis,,APPROVED AS NOTED,DONE,2,EIDG,2,,,
266,Sunday,06-09-26,64817,36, EL-Batal ,DPL,05-09-26,,,50.73,Bottom of excavation,C-A,RD-01,,6+320 : 6+350,R+L,LAYER-0,3,,1421,APPROVED AS NOTED,DONE,2,EIDG,1,,,
267,Wednesday,24-12-25,44645,44, Abnaa Helter ,DPL,02-09-25,,,41.69,Fill,C01,RD-01,,10+300 : 10+400,R+L,LAYER-9,10,,,APPROVED AS NOTED,DONE,11,CEL,113,,,
268,Wednesday,24-12-25,44646,44, Abnaa Helter ,DPL,06-09-25,,,41.16,Fill,C01,RD-01,,10+300 : 10+400,R+L,LAYER-10,9,,,APPROVED AS NOTED,DONE,10,CEL,109,,,
269,Wednesday,24-12-25,44641,44, Abnaa Helter ,DPL,20-08-25,,,45.1,Fill,C01,RD-01,,10+300 : 10+400,R+L,LAYER-5,9,,,APPROVED AS NOTED,DONE,10,CEL,126,,,
270,Wednesday,24-12-25,44642,44, Abnaa Helter ,DPL,21-08-25,,,48.68,Fill,C01,RD-01,,10+300 : 10+400,R+L,LAYER-6,10,,,APPROVED AS NOTED,DONE,11,CEL,125,,,
271,Wednesday,24-12-25,44643,44, Abnaa Helter ,DPL,24-08-25,,,39.84,Fill,C01,RD-01,,10+300 : 10+400,R+L,LAYER-7,11,,,APPROVED AS NOTED,DONE,12,CEL,122,,,
272,Wednesday,24-12-25,44644,44, Abnaa Helter ,DPL,27-08-25,,,47.66,Fill,C01,RD-01,,10+300 : 10+400,R+L,LAYER-8,10,,,APPROVED AS NOTED,DONE,11,CEL,119,,,
273,Wednesday,24-12-25,44649,44, Abnaa Helter ,DPL,12-09-25,,,59.76,Fill,C01,RD-01,,10+300 : 10+400,R+L,LAYER-13,10,,,APPROVED AS NOTED,DONE,11,CEL,103,,,
274,Wednesday,24-12-25,44629,44, Abnaa Helter ,DPL,11-08-25,,,41.14,Fill,C01,RD-01,,10+400 : 10+500,R+L,LAYER-4,9,,,APPROVED AS NOTED,DONE,10,CEL,135,,,
275,Wednesday,24-12-25,44630,44, Abnaa Helter ,DPL,20-08-25,,,41.92,Fill,C01,RD-01,,10+400 : 10+500,R+L,LAYER-5,9,,,APPROVED AS NOTED,DONE,10,CEL,126,,,
276,Wednesday,24-12-25,44631,44, Abnaa Helter ,DPL,03-09-25,,,41.67,Fill,C01,RD-01,,10+400 : 10+500,R+L,LAYER-6,9,,,APPROVED AS NOTED,DONE,10,CEL,112,,,
277,Wednesday,24-12-25,44634,44, Abnaa Helter ,DPL,16-09-25,,,51.26,Fill,C01,RD-01,,10+400 : 10+500,R+L,LAYER-9,10,,,APPROVED AS NOTED,DONE,11,CEL,99,,,
278,Wednesday,24-12-25,44635,44, Abnaa Helter ,DPL,24-09-25,,,42.52,Fill,C01,RD-01,,10+400 : 10+500,R+L,LAYER-10,10,,,APPROVED AS NOTED,DONE,11,CEL,91,,,
279,Wednesday,24-12-25,44636,44, Abnaa Helter ,DPL,07-10-25,,,47.69,Fill,C01,RD-01,,10+400 : 10+500,R+L,LAYER-11,10,,,APPROVED AS NOTED,DONE,11,CEL,78,,,
280,Wednesday,24-12-25,44618,44, Abnaa Helter ,DPL,12-08-25,,,47.3,Fill,C01,RD-01,,10+500 : 10+575,R+L,LAYER-7,9,,,APPROVED AS NOTED,DONE,10,CEL,134,,,
281,Wednesday,24-12-25,44619,44, Abnaa Helter ,DPL,20-08-25,,,45.67,Fill,C01,RD-01,,10+500 : 10+575,R+L,LAYER-8,9,,,APPROVED AS NOTED,DONE,10,CEL,126,,,
282,Wednesday,24-12-25,44620,44, Abnaa Helter ,DPL,03-09-25,,,40.76,Fill,C01,RD-01,,10+500 : 10+575,R+L,LAYER-9,9,,,APPROVED AS NOTED,DONE,10,CEL,112,,,
283,Wednesday,24-12-25,44623,44, Abnaa Helter ,DPL,16-09-25,,,44.82,Fill,C01,RD-01,,10+500 : 10+575,R+L,LAYER-12,10,,,APPROVED AS NOTED,DONE,11,CEL,99,,,
284,Wednesday,24-12-25,44624,44, Abnaa Helter ,DPL,24-09-25,,,40.37,Fill,C01,RD-01,,10+500 : 10+575,R+L,LAYER-13,8,,,APPROVED AS NOTED,DONE,9,CEL,91,,,
285,Wednesday,24-12-25,44560,44, Abnaa Helter ,DPL,12-08-25,,,47.07,Fill,C01,RD-01,,10+800 : 10+900,R+L,LAYER-3,10,,,APPROVED AS NOTED,DONE,11,CEL,134,,,
286,Wednesday,24-12-25,44561,44, Abnaa Helter ,DPL,14-08-25,,,49.63,Fill,C01,RD-01,,10+800 : 10+900,R+L,LAYER-4,9,,,APPROVED AS NOTED,DONE,10,CEL,132,,,
287,Wednesday,24-12-25,44562,44, Abnaa Helter ,DPL,17-08-25,,,49.508,Fill,C01,RD-01,,10+800 : 10+900,R+L,LAYER-5,8,,,APPROVED AS NOTED,DONE,9,CEL,129,,,
288,Wednesday,24-12-25,44563,44, Abnaa Helter ,DPL,21-08-25,,,44.17,Fill,C01,RD-01,,10+800 : 10+900,R+L,LAYER-6,10,,,APPROVED AS NOTED,DONE,11,CEL,125,,,
289,Wednesday,24-12-25,44564,44, Abnaa Helter ,DPL,30-08-25,,,61.107,Fill,C01,RD-01,,10+800 : 10+900,R+L,LAYER-7,8,,,APPROVED AS NOTED,DONE,9,CEL,116,,,
290,Wednesday,24-12-25,44565,44, Abnaa Helter ,DPL,02-09-25,,,41.08,Fill,C01,RD-01,,10+800 : 10+900,R+L,LAYER-8,10,,,APPROVED AS NOTED,DONE,11,CEL,113,,,
291,Wednesday,24-12-25,44567,44, Abnaa Helter ,DPL,10-09-25,,,39.04,Fill,C01,RD-01,,10+800 : 10+900,R+L,LAYER-10,10,,,APPROVED AS NOTED,DONE,11,CEL,105,,,
292,Wednesday,24-12-25,44568,44, Abnaa Helter ,DPL,14-09-25,,,50.14,Fill,C01,RD-01,,10+800 : 10+900,R+L,LAYER-11,10,,,APPROVED AS NOTED,DONE,11,CEL,101,,,
293,Wednesday,24-12-25,44569,44, Abnaa Helter ,DPL,16-09-25,,,47.42,Fill,C01,RD-01,,10+800 : 10+900,R+L,LAYER-12,8,,,APPROVED AS NOTED,DONE,9,CEL,99,,,
294,Wednesday,24-12-25,44570,44, Abnaa Helter ,DPL,19-09-25,,,40.79,Fill,C01,RD-01,,10+800 : 10+900,R+L,LAYER-13,7,,,APPROVED AS NOTED,DONE,8,CEL,96,,,
295,Wednesday,24-12-25,44571,44, Abnaa Helter ,DPL,21-09-25,,,44.82,Fill,C01,RD-01,,10+800 : 10+900,R+L,LAYER-14,10,,,APPROVED AS NOTED,DONE,11,CEL,94,,,
296,Wednesday,24-12-25,44575,44, Abnaa Helter ,DPL,01-10-25,,,44.503,Fill,C01,RD-01,,10+800 : 10+900,R+L,LAYER-18,8,,,APPROVED AS NOTED,DONE,9,CEL,84,,,
297,Wednesday,24-12-25,44576,44, Abnaa Helter ,DPL,05-10-25,,,43.77,Fill,C01,RD-01,,10+800 : 10+900,R+L,LAYER-19,9,,,APPROVED AS NOTED,DONE,10,CEL,80,,,
298,Wednesday,24-12-25,44577,44, Abnaa Helter ,DPL,13-10-25,,,42.29,Fill,C01,RD-01,,10+800 : 10+900,R+L,LAYER-20,8,,,APPROVED AS NOTED,DONE,9,CEL,72,,,
299,Wednesday,24-12-25,44611,44, Abnaa Helter ,DPL,11-10-25,,,50.83,Fill,C01,RD-01,,10+575 : 10+725,R+L,LAYER-16,18,,,APPROVED AS NOTED,DONE,21,CEL,74,,,
300,Wednesday,24-12-25,44610,44, Abnaa Helter ,DPL,25-09-25,,,43.18,Fill,C01,RD-01,,10+575 : 10+725,R+L,LAYER-15,18,,,APPROVED AS NOTED,DONE,21,CEL,90,,,
301,Wednesday,24-12-25,44609,44, Abnaa Helter ,DPL,18-09-25,,,45.212,Fill,C01,RD-01,,10+575 : 10+725,R+L,LAYER-14,16,,,APPROVED AS NOTED,DONE,19,CEL,97,,,
302,Wednesday,24-12-25,44608,44, Abnaa Helter ,DPL,14-09-25,,,47.35,Fill,C01,RD-01,,10+575 : 10+725,R+L,LAYER-13,16,,,APPROVED AS NOTED,DONE,19,CEL,101,,,
303,Wednesday,24-12-25,44607,44, Abnaa Helter ,DPL,10-09-25,,,43.37,Fill,C01,RD-01,,10+575 : 10+725,R+L,LAYER-12,17,,,APPROVED AS NOTED,DONE,20,CEL,105,,,
304,Wednesday,24-12-25,44605,44, Abnaa Helter ,DPL,06-09-25,,,46.094,Fill,C01,RD-01,,10+575 : 10+725,R+L,LAYER-10,18,,,APPROVED AS NOTED,DONE,21,CEL,109,,,
305,Wednesday,24-12-25,44604,44, Abnaa Helter ,DPL,01-09-25,,,38.76,Fill,C01,RD-01,,10+575 : 10+725,R+L,LAYER-9,17,,,APPROVED AS NOTED,DONE,20,CEL,114,,,
306,Wednesday,24-12-25,44603,44, Abnaa Helter ,DPL,24-08-25,,,43.67,Fill,C01,RD-01,,10+575 : 10+725,R+L,LAYER-8,18,,,APPROVED AS NOTED,DONE,21,CEL,122,,,
307,Wednesday,24-12-25,44602,44, Abnaa Helter ,DPL,22-08-25,,,40.82,Fill,C01,RD-01,,10+575 : 10+725,R+L,LAYER-7,17,,,APPROVED AS NOTED,DONE,20,CEL,124,,,
308,Wednesday,24-12-25,44601,44, Abnaa Helter ,DPL,17-08-25,,,40.225,Fill,C01,RD-01,,10+575 : 10+725,R+L,LAYER-6,16,,,APPROVED AS NOTED,DONE,19,CEL,129,,,
309,Wednesday,24-12-25,44600,44, Abnaa Helter ,DPL,11-08-25,,,47.05,Fill,C01,RD-01,,10+575 : 10+725,R+L,LAYER-5,16,,,APPROVED AS NOTED,DONE,19,CEL,135,,,
310,Wednesday,24-12-25,44539,44, Abnaa Helter ,DPL,29-08-25,,,40.36,Fill,C01,RD-01,,10+900 : 11+050,R+L,LAYER-6,19,,,APPROVED AS NOTED,DONE,22,CEL,117,,,
311,Wednesday,24-12-25,44543,44, Abnaa Helter ,DPL,12-09-25,,,39.74,Fill,C01,RD-01,,10+900 : 11+050,R+L,LAYER-10,20,,,APPROVED AS NOTED,DONE,23,CEL,103,,,
312,Wednesday,24-12-25,44544,44, Abnaa Helter ,DPL,16-09-25,,,45.305,Fill,C01,RD-01,,10+900 : 11+050,R+L,LAYER-11,19,,,APPROVED AS NOTED,DONE,21,CEL,99,,,
313,Wednesday,24-12-25,44545,44, Abnaa Helter ,DPL,18-09-25,,,44.33,Fill,C01,RD-01,,10+900 : 11+050,R+L,LAYER-12,17,,,APPROVED AS NOTED,DONE,20,CEL,97,,,
314,Wednesday,24-12-25,44536,44, Abnaa Helter ,DPL,21-08-25,,,51.92,Fill,C01,RD-01,,10+900 : 11+050,R+L,LAYER-3,18,,,APPROVED AS NOTED,DONE,21,CEL,125,,,
315,Wednesday,24-12-25,44537,44, Abnaa Helter ,DPL,24-08-25,,,40.63,Fill,C01,RD-01,,10+900 : 11+050,R+L,LAYER-4,20,,,APPROVED AS NOTED,DONE,23,CEL,122,,,
316,Wednesday,24-12-25,44538,44, Abnaa Helter ,DPL,26-08-25,,,43.195,Fill,C01,RD-01,,10+900 : 11+050,R+L,LAYER-5,19,,,APPROVED AS NOTED,DONE,22,CEL,120,,,
317,Wednesday,24-12-25,44547,44, Abnaa Helter ,DPL,21-09-25,,,40.48,Fill,C01,RD-01,,10+900 : 11+050,R+L,LAYER-14,16,,,APPROVED AS NOTED,DONE,19,CEL,94,,,
318,Wednesday,24-12-25,44548,44, Abnaa Helter ,DPL,24-09-25,,,42.38,Fill,C01,RD-01,,10+900 : 11+050,R+L,LAYER-15,17,,,APPROVED AS NOTED,DONE,20,CEL,91,,,
319,Wednesday,24-12-25,44549,44, Abnaa Helter ,DPL,25-09-25,,,48.706,Fill,C01,RD-01,,10+900 : 11+050,R+L,LAYER-16,17,,,APPROVED AS NOTED,DONE,20,CEL,90,,,
320,Wednesday,24-12-25,44553,44, Abnaa Helter ,DPL,06-10-25,,,53.217,Fill,C01,RD-01,,10+900 : 11+050,R+L,LAYER-20,18,,,APPROVED AS NOTED,DONE,21,CEL,79,,,
321,Wednesday,24-12-25,44554,44, Abnaa Helter ,DPL,07-10-25,,,46.32,Fill,C01,RD-01,,10+900 : 11+050,R+L,LAYER-21,18,,,APPROVED AS NOTED,DONE,21,CEL,78,,,
322,Wednesday,24-12-25,44534,44, Abnaa Helter ,DPL,18-08-25,,,45.65,Fill,C01,RD-01,,10+900 : 11+050,R+L,LAYER-1,20,,,APPROVED AS NOTED,DONE,23,CEL,128,,,
323,Wednesday,24-12-25,44535,44, Abnaa Helter ,DPL,20-08-25,,,49.26,Fill,C01,RD-01,,10+900 : 11+050,R+L,LAYER-2,19,,,APPROVED AS NOTED,DONE,22,CEL,126,,,
324,Monday,08-12-25,45014,44,  Abnaa Badawi ,DPL,29-10-25,,,47.87,Fill,C01,RD-01,,11+260 : 11+400,R+L,LAYER-19,20,,,APPROVED AS NOTED,DONE,25,CEL,40,,,
325,Sunday,28-12-25,45023,44, Al Qimam ,SOIL,25-09-25,A-1-B,14.20%,,Stockpile,C01,RD-01,,,,,1,Sieve + Proctoer ,,APPROVED AS NOTED,DONE,5,CEL,94,,,
326,Sunday,28-12-25,45018,44, Al Qimam ,SOIL,06-09-25,A-1-B,9.60%,,Stockpile,C01,RD-01,,,,,1,Sieve + Proctoer ,,APPROVED AS NOTED,DONE,5,CEL,113,,,
327,Sunday,28-12-25,45040,44, Al Qimam ,SOIL,23-11-25,A-1-B,16.20%,,Stockpile,C01,RD-01,,,,,1,Sieve + Proctoer ,,APPROVED AS NOTED,DONE,5,CEL,35,,,
328,Sunday,28-12-25,45030,44, Al Qimam ,SOIL,29-10-25,A-1-B,16.40%,,Stockpile,C01,RD-01,,,,,1,Sieve + Proctoer ,,APPROVED AS NOTED,DONE,5,CEL,60,,,
329,Sunday,28-12-25,45019,44, Al Qimam ,SOIL,09-09-25,A-1-B,13.60%,,Stockpile,C01,RD-01,,,,,1,Sieve + Proctoer ,,APPROVED AS NOTED,DONE,5,CEL,110,,,
330,Sunday,28-12-25,45041,44, Al Qimam ,SOIL,25-11-25,A-1-B,16.00%,,Stockpile,C01,RD-01,,,,,1,Sieve + Proctoer ,,APPROVED AS NOTED,DONE,5,CEL,33,,,
331,Sunday,28-12-25,45039,44, Al Qimam ,SOIL,23-11-25,A-1-B,17.20%,,Stockpile,C01,RD-01,,,,,1,Sieve + Proctoer ,,APPROVED AS NOTED,DONE,5,CEL,35,,,
332,Sunday,28-12-25,45037,44, Al Qimam ,SOIL,19-11-25,A-1-B,16.60%,,Stockpile,C01,RD-01,,,,,1,Sieve + Proctoer ,,APPROVED AS NOTED,DONE,5,CEL,39,,,
333,Sunday,28-12-25,45036,44, Al Qimam ,SOIL,17-11-25,A-1-B,19.20%,,Stockpile,C01,RD-01,,,,,1,Sieve + Proctoer ,,APPROVED AS NOTED,DONE,5,CEL,41,,,
334,Sunday,28-12-25,45035,44, Al Qimam ,SOIL,13-11-25,A-1-B,20.00%,,Stockpile,C01,RD-01,,,,,1,Sieve + Proctoer ,,APPROVED AS NOTED,DONE,5,CEL,45,,,
335,Sunday,28-12-25,45034,44, Al Qimam ,SOIL,10-11-25,A-1-B,15.20%,,Stockpile,C01,RD-01,,,,,1,Sieve + Proctoer ,,APPROVED AS NOTED,DONE,5,CEL,48,,,
336,Sunday,28-12-25,45033,44, Al Qimam ,SOIL,06-11-25,A-1-B,18.40%,,Stockpile,C01,RD-01,,,,,1,Sieve + Proctoer ,,APPROVED AS NOTED,DONE,5,CEL,52,,,
337,Sunday,28-12-25,45032,44, Al Qimam ,SOIL,02-11-25,A-1-B,18.00%,,Stockpile,C01,RD-01,,,,,1,Sieve + Proctoer ,,APPROVED AS NOTED,DONE,5,CEL,56,,,
338,Sunday,28-12-25,45031,44, Al Qimam ,SOIL,23-10-25,A-1-B,17.00%,,Stockpile,C01,RD-01,,,,,1,Sieve + Proctoer ,,APPROVED AS NOTED,DONE,5,CEL,66,,,
339,Sunday,28-12-25,45029,44, Al Qimam ,SOIL,19-10-25,A-1-B,18.00%,,Stockpile,C01,RD-01,,,,,1,Sieve + Proctoer ,,APPROVED AS NOTED,DONE,5,CEL,70,,,
340,Sunday,28-12-25,45028,44, Al Qimam ,SOIL,14-10-25,A-2-4,25.20%,,Stockpile,C01,RD-01,,,,,1,Sieve + Proctoer ,,APPROVED AS NOTED,DONE,5,CEL,75,,,
341,Sunday,28-12-25,45027,44, Al Qimam ,SOIL,10-10-25,A-1-B,15.60%,,Stockpile,C01,RD-01,,,,,1,Sieve + Proctoer ,,APPROVED AS NOTED,DONE,5,CEL,79,,,
342,Sunday,28-12-25,45026,44, Al Qimam ,SOIL,06-10-25,A-1-B,17.00%,,Stockpile,C01,RD-01,,,,,1,Sieve + Proctoer ,,APPROVED AS NOTED,DONE,5,CEL,83,,,
343,Sunday,28-12-25,45025,44, Al Qimam ,SOIL,02-10-25,A-1-B,15.40%,,Stockpile,C01,RD-01,,,,,1,Sieve + Proctoer ,,APPROVED AS NOTED,DONE,5,CEL,87,,,
344,Sunday,28-12-25,45024,44, Al Qimam ,SOIL,29-09-25,A-1-B,13.80%,,Stockpile,C01,RD-01,,,,,1,Sieve + Proctoer ,,APPROVED AS NOTED,DONE,5,CEL,90,,,
345,Sunday,28-12-25,45022,44, Al Qimam ,SOIL,21-09-25,A-1-B,15.80%,,Stockpile,C01,RD-01,,,,,1,Sieve + Proctoer ,,APPROVED AS NOTED,DONE,5,CEL,98,,,
346,Sunday,28-12-25,45021,44, Al Qimam ,SOIL,17-09-25,A-1-B,11.80%,,Stockpile,C01,RD-01,,,,,1,Sieve + Proctoer ,,APPROVED AS NOTED,DONE,5,CEL,102,,,
347,Sunday,28-12-25,45020,44, Al Qimam ,SOIL,13-09-25,A-1-B,11.40%,,Stockpile,C01,RD-01,,,,,1,Sieve + Proctoer ,,APPROVED AS NOTED,DONE,5,CEL,106,,,
348,Sunday,28-12-25,45017,44, Al Qimam ,SOIL,01-09-25,A-2-4,26.60%,,Stockpile,C01,RD-01,,,,,1,Sieve + Proctoer ,,APPROVED AS NOTED,DONE,5,CEL,118,,,
349,Sunday,28-12-25,,44, Abnaa Helter ,PLATE LOAD,07-10-25,,,,Fill,C01,RD-01,,10+900 : 11+050,R+L,29.95,4,,,APPROVED AS NOTED,DONE,9,HELIOPOLIS(1) + GLOBAL LAB(3),82,,,
350,Sunday,28-12-25,44684,44, Abnaa Helter ,PLATE LOAD,18-08-25,,,,Fill,C01,RD-01,,10+800 : 10+900,R+L,24.45,2,,,APPROVED AS NOTED,DONE,5,GLOBAL LAB,132,,,
351,Sunday,28-12-25,49986,44, Abnaa Helter ,PLATE LOAD,21-08-25,,,,Fill,C01,RD-01,,10+400 : 10+500,R+L,28.95,2,,,APPROVED AS NOTED,DONE,5,HELIOPOLIS(1) + TOP SURFACE(1),129,,,
352,Sunday,28-12-25,45077,44, Al Qimam ,DPL,09-10-25,,,42.94,Fill,C01,RD-01,,12+050 : 12+100,R+L,LAYER-1,6,,,APPROVED AS NOTED,DONE,9,CEL,80,,,
353,Sunday,28-12-25,45078,44, Al Qimam ,DPL,12-10-25,,,47.31,Fill,C01,RD-01,,12+050 : 12+100,R+L,LAYER-2,8,,,APPROVED AS NOTED,DONE,11,CEL,77,,,
354,Sunday,28-12-25,45079,44, Al Qimam ,DPL,14-10-25,,,44.79,Fill,C01,RD-01,,12+050 : 12+100,R+L,LAYER-3,8,,,APPROVED AS NOTED,DONE,11,CEL,75,,,
355,Sunday,28-12-25,45081,44, Al Qimam ,DPL,19-10-25,,,39.89,Fill,C01,RD-01,,12+050 : 12+100,R+L,LAYER-5,6,,,APPROVED AS NOTED,DONE,9,CEL,70,,,
356,Sunday,28-12-25,45082,44, Al Qimam ,SAND CONE,20-10-25,,,,Fill,C01,RD-01,,12+050 : 12+100,R+L,LAYER-6,15,,,APPROVED AS NOTED,DONE,3,HELIOPOLIS,69,,,
357,Sunday,28-12-25,45083,44, Al Qimam ,DPL,23-10-25,,,40.62,Fill,C01,RD-01,,12+050 : 12+100,R+L,LAYER-7,6,,,APPROVED AS NOTED,DONE,9,CEL,66,,,
358,Sunday,28-12-25,45084,44, Al Qimam ,SAND CONE,25-10-25,,,,Fill,C01,RD-01,,12+050 : 12+100,R+L,LAYER-8,15,,,APPROVED AS NOTED,DONE,3,HELIOPOLIS,64,,,
359,Sunday,28-12-25,45085,44, Al Qimam ,DPL,27-10-25,,,41.34,Fill,C01,RD-01,,12+050 : 12+100,R+L,LAYER-9,7,,,APPROVED AS NOTED,DONE,10,CEL,62,,,
360,Sunday,28-12-25,45086,44, Al Qimam ,DPL,29-10-25,,,45.77,Fill,C01,RD-01,,12+050 : 12+100,R+L,LAYER-10,7,,,APPROVED AS NOTED,DONE,10,CEL,60,,,
361,Sunday,28-12-25,45087,44, Al Qimam ,DPL,01-11-25,,,38.65,Fill,C01,RD-01,,12+050 : 12+100,R+L,LAYER-11,8,,,APPROVED AS NOTED,DONE,11,CEL,57,,,
362,Sunday,28-12-25,45088,44, Al Qimam ,DPL,04-11-25,,,46.83,Fill,C01,RD-01,,12+050 : 12+100,R+L,LAYER-12,7,,,APPROVED AS NOTED,DONE,10,CEL,54,,,
363,Sunday,28-12-25,45089,44, Al Qimam ,DPL,05-11-25,,,40.49,Fill,C01,RD-01,,12+050 : 12+100,R+L,LAYER-13,6,,,APPROVED AS NOTED,DONE,9,CEL,53,,,
364,Sunday,28-12-25,45090,44, Al Qimam ,DPL,06-11-25,,,42.21,Fill,C01,RD-01,,12+050 : 12+100,R+L,LAYER-14,6,,,APPROVED AS NOTED,DONE,9,CEL,52,,,
365,Sunday,28-12-25,45091,44, Al Qimam ,DPL,08-11-25,,,42.26,Fill,C01,RD-01,,12+050 : 12+100,R+L,LAYER-15,6,,,APPROVED AS NOTED,DONE,9,CEL,50,,,
366,Sunday,28-12-25,45092,44, Al Qimam ,DPL,10-11-25,,,61.35,Fill,C01,RD-01,,12+050 : 12+100,R+L,LAYER-16,6,,,APPROVED AS NOTED,DONE,9,CEL,48,,,
367,Sunday,28-12-25,45094,44, Al Qimam ,DPL,14-11-25,,,57.307,Fill,C01,RD-01,,12+050 : 12+100,R+L,LAYER-18,6,,,APPROVED AS NOTED,DONE,9,CEL,44,,,
368,Sunday,28-12-25,45052,44, Al Qimam ,PLATE LOAD,21-10-25,,,,Fill,C01,RD-01,,12+050 : 12+100,R+L,23.7,2,,,APPROVED AS NOTED,DONE,5,GLOBAL LAB,68,,,
369,Sunday,28-12-25,45051,44, Al Qimam ,PLATE LOAD,01-11-25,,,,Fill,C01,RD-01,,12+050 : 12+100,R+L,26.2,2,,,APPROVED AS NOTED,DONE,5,GLOBAL LAB(1) + TOP SURFACE(1),57,,,
370,Sunday,28-12-25,45050,44, Al Qimam ,PLATE LOAD,11-11-25,,,,Fill,C01,RD-01,,12+050 : 12+100,R+L,28.7,1,,,APPROVED AS NOTED,DONE,3,GLOBAL LAB,47,,,
371,Sunday,28-12-25,45049,44, Al Qimam ,PLATE LOAD,22-11-25,,,,Fill,C01,RD-01,,12+050 : 12+100,R+L,31.2,1,,,APPROVED AS NOTED,DONE,3,GLOBAL LAB,36,,,
372,Sunday,28-12-25,45048,44, Al Qimam ,PLATE LOAD,28-11-25,,,,Fill,C01,RD-01,,12+050 : 12+100,R+L,31.95,1,,,APPROVED AS NOTED,DONE,3,GLOBAL LAB,30,,,
373,Sunday,28-12-25,45053,44, Al Qimam ,SAND CONE,01-09-25,,,,Fill,C01,RD-01,,12+100 : 12+200,R+L,LAYER-1,33,,,APPROVED AS NOTED,DONE,5,HELIOPOLIS,118,,,
374,Sunday,28-12-25,45054,44, Al Qimam ,SAND CONE,05-09-25,,,,Fill,C01,RD-01,,12+100 : 12+200,R+L,LAYER-2,14,,,APPROVED AS NOTED,DONE,17,CEL,114,,,
375,Sunday,28-12-25,45055,44, Al Qimam ,SAND CONE,07-09-25,,,,Fill,C01,RD-01,,12+100 : 12+200,R+L,LAYER-3,33,,,APPROVED AS NOTED,DONE,5,HELIOPOLIS,112,,,
376,Sunday,28-12-25,45060,44, Al Qimam ,DPL,10-09-25,,,46.63,Fill,C01,RD-01,,12+100 : 12+200,R+L,LAYER-8,14,,,APPROVED AS NOTED,DONE,17,CEL,109,,,
377,Sunday,28-12-25,45060,44, Al Qimam ,SAND CONE,28-09-25,,,,Fill,C01,RD-01,,12+100 : 12+200,R+L,LAYER-12,35,,,APPROVED AS NOTED,DONE,5,HELIOPOLIS,91,,,
378,Sunday,28-12-25,45065,44, Al Qimam ,SAND CONE,30-09-25,,,,Fill,C01,RD-01,,12+100 : 12+200,R+L,LAYER-13,35,,,APPROVED AS NOTED,DONE,5,HELIOPOLIS,89,,,
379,Sunday,28-12-25,45068,44, Al Qimam ,DPL,08-10-25,,,40.46,Fill,C01,RD-01,,12+100 : 12+200,R+L,LAYER-16,15,,,APPROVED AS NOTED,DONE,18,CEL,81,,,
380,Sunday,28-12-25,45070,44, Al Qimam ,DPL,15-10-25,,,42.039,Fill,C01,RD-01,,12+100 : 12+200,R+L,LAYER-18,14,,,APPROVED AS NOTED,DONE,17,CEL,74,,,
381,Sunday,28-12-25,45072,44, Al Qimam ,SAND CONE,25-10-25,,,,Fill,C01,RD-01,,12+100 : 12+200,R+L,LAYER-20,36,,,APPROVED AS NOTED,DONE,5,HELIOPOLIS,64,,,
382,Sunday,28-12-25,45073,44, Al Qimam ,DPL,28-10-25,,,44.56,Fill,C01,RD-01,,12+100 : 12+200,R+L,LAYER-21,14,,,APPROVED AS NOTED,DONE,17,CEL,61,,,
383,Sunday,28-12-25,45074,44, Al Qimam ,DPL,03-11-25,,,45.32,Fill,C01,RD-01,,12+100 : 12+200,R+L,LAYER-22,15,,,APPROVED AS NOTED,DONE,18,CEL,55,,,
384,Sunday,28-12-25,45075,44, Al Qimam ,DPL,05-11-25,,,44.47,Fill,C01,RD-01,,12+100 : 12+200,R+L,LAYER-23,13,,,APPROVED AS NOTED,DONE,16,CEL,53,,,
385,Sunday,28-12-25,45076,44, Al Qimam ,DPL,09-11-25,,,44.509,Fill,C01,RD-01,,12+100 : 12+200,R+L,LAYER-24,13,,,APPROVED AS NOTED,DONE,16,CEL,49,,,
386,Sunday,28-12-25,45047,44, Al Qimam ,PLATE LOAD,14-09-25,,,,Fill,C01,RD-01,,12+100 : 12+200,R+L,23.2,3,,,APPROVED AS NOTED,DONE,7,HELIOPOLIS(2) + TOP SURFACE(1),105,,,
387,Sunday,28-12-25,45046,44, Al Qimam ,PLATE LOAD,25-09-25,,,,Fill,C01,RD-01,,12+100 : 12+200,R+L,25.7,4,,,APPROVED AS NOTED,DONE,9,GLOBAL LAB,94,,,
388,Sunday,28-12-25,45045,44, Al Qimam ,PLATE LOAD,09-10-25,,,,Fill,C01,RD-01,,12+100 : 12+200,R+L,28.2,3,,,APPROVED AS NOTED,DONE,13,GLOBAL LAB(1) + AMS(2),80,,,
389,Sunday,28-12-25,45043,44, Al Qimam ,PLATE LOAD,09-11-25,,,,Fill,C01,RD-01,,12+100 : 12+200,R+L,31.95,3,,,APPROVED AS NOTED,DONE,7,GLOBAL LAB,49,,,
